-- phpMyAdmin SQL Dump
-- version 4.6.6deb5
-- https://www.phpmyadmin.net/
--
-- Host: localhost:3306
-- Generation Time: Aug 06, 2019 at 03:31 PM
-- Server version: 5.7.27-0ubuntu0.18.04.1
-- PHP Version: 7.2.20-1+ubuntu18.04.1+deb.sury.org+1

SET SQL_MODE = "NO_AUTO_VALUE_ON_ZERO";
SET time_zone = "+00:00";


/*!40101 SET @OLD_CHARACTER_SET_CLIENT=@@CHARACTER_SET_CLIENT */;
/*!40101 SET @OLD_CHARACTER_SET_RESULTS=@@CHARACTER_SET_RESULTS */;
/*!40101 SET @OLD_COLLATION_CONNECTION=@@COLLATION_CONNECTION */;
/*!40101 SET NAMES utf8mb4 */;

--
-- Database: `ccremote`
--

-- --------------------------------------------------------

--
-- Table structure for table `appliances`
--

CREATE TABLE `appliances` (
  `id` int(10) UNSIGNED NOT NULL,
  `kitchen_id` int(10) UNSIGNED NOT NULL,
  `company_id` int(11) DEFAULT NULL,
  `name` varchar(45) NOT NULL,
  `running` tinyint(1) NOT NULL,
  `pin` int(11) NOT NULL,
  `created` datetime NOT NULL,
  `modified` datetime NOT NULL,
  `weight` int(11) DEFAULT NULL,
  `app_weight` int(11) DEFAULT NULL,
  `appliance_group` varchar(25) DEFAULT NULL,
  `active` tinyint(4) NOT NULL DEFAULT '1',
  `device_id` int(10) UNSIGNED DEFAULT NULL,
  `type` varchar(45) DEFAULT NULL,
  `lockstate_id` varchar(100) DEFAULT NULL
) ENGINE=InnoDB DEFAULT CHARSET=latin1;

--
-- Dumping data for table `appliances`
--

INSERT INTO `appliances` (`id`, `kitchen_id`, `company_id`, `name`, `running`, `pin`, `created`, `modified`, `weight`, `app_weight`, `appliance_group`, `active`, `device_id`, `type`, `lockstate_id`) VALUES
(10, 1, NULL, 'Oven 2', 0, 1, '2019-06-07 18:17:45', '2019-06-07 18:17:45', 10, 110, NULL, 1, 1, 'appliance', NULL),
(11, 1, NULL, 'Oven 3', 0, 0, '2019-06-07 18:17:46', '2019-06-07 18:17:46', 30, 500, NULL, 1, 2, 'appliance', NULL),
(12, 1, NULL, 'Oven 4', 0, 2, '2019-06-07 18:17:46', '2019-06-07 18:17:46', 35, 500, NULL, 1, 2, 'appliance', NULL),
(13, 1, NULL, 'Double Low Burner', 0, 4, '2019-06-07 18:17:45', '2019-06-07 18:17:45', 25, 339, NULL, 1, 1, 'appliance', NULL),
(14, 1, NULL, 'Burner 2', 0, 3, '2019-06-07 18:17:45', '2019-06-07 18:17:45', 40, 340, NULL, 1, 1, 'appliance', NULL),
(15, 1, NULL, 'Range Right', 0, 6, '2019-06-07 18:17:45', '2019-06-07 18:17:45', 20, 230, NULL, 1, 1, 'appliance', NULL),
(16, 1, NULL, 'Oven 1', 0, 7, '2019-06-07 18:17:45', '2019-06-07 18:17:45', 5, 105, NULL, 1, 1, 'appliance', NULL),
(17, 1, NULL, 'Range Left', 0, 0, '2019-06-07 18:17:45', '2019-06-07 18:17:45', 15, 225, NULL, 1, 1, 'appliance', NULL),
(18, 1, NULL, 'Large Mixer', 0, 23, '2019-06-07 18:17:46', '2019-06-07 18:17:46', NULL, 945, NULL, 1, 2, 'appliance', NULL),
(19, 3, NULL, 'Appliance 1', 0, 0, '2019-06-07 18:17:44', '2019-06-07 18:17:44', 1, 1, NULL, 1, NULL, 'appliance', NULL),
(20, 3, NULL, 'Appliance 2', 0, 1, '2019-06-07 18:17:45', '2019-06-07 18:17:45', 5, 5, NULL, 1, NULL, 'appliance', NULL),
(21, 3, NULL, 'Appliance 3', 0, 3, '2019-06-07 18:17:45', '2019-06-07 18:17:45', 10, 10, NULL, 1, NULL, 'appliance', NULL),
(22, 3, NULL, 'Appliance 4', 0, 2, '2019-06-07 18:17:43', '2019-06-07 18:17:43', NULL, NULL, NULL, 1, NULL, 'appliance', NULL),
(23, 2, NULL, 'Oven 1', 0, 2, '2019-06-07 18:17:45', '2019-06-07 18:17:45', NULL, 100, NULL, 1, 3, 'appliance', NULL),
(24, 2, NULL, 'Oven 2', 0, 3, '2019-06-07 18:17:45', '2019-06-07 18:17:45', NULL, 100, NULL, 1, 3, 'appliance', NULL),
(25, 2, NULL, 'Oven 3', 0, 21, '2019-06-07 18:17:45', '2019-06-07 18:17:45', NULL, 100, NULL, 1, 3, 'appliance', NULL),
(26, 2, NULL, 'Oven 4', 0, 22, '2019-06-07 18:17:45', '2019-06-07 18:17:45', NULL, 100, NULL, 1, 3, 'appliance', NULL),
(27, 2, NULL, 'Mixer', 0, 0, '2019-06-07 18:17:46', '2019-06-07 18:17:46', NULL, 400, NULL, 1, 3, 'appliance', NULL),
(28, 2, NULL, 'Interior Lock', 0, 0, '2019-06-07 18:17:46', '2019-06-07 18:17:46', NULL, 999, NULL, 1, NULL, 'lock', NULL),
(29, 2, NULL, 'Exterior Lock', 0, 0, '2019-06-07 18:17:46', '2019-06-07 18:17:46', NULL, 999, NULL, 1, NULL, 'lock', NULL),
(34, 2, NULL, 'Induction Burner', 0, 23, '2019-06-07 18:17:45', '2019-06-07 18:17:45', NULL, 300, NULL, 1, 3, 'appliance', NULL),
(36, 1, NULL, 'Exterior Lock', 0, 0, '2019-06-07 18:17:46', '2019-06-07 18:17:46', NULL, 999, NULL, 1, NULL, 'lock', NULL),
(37, 1, NULL, 'Oven 5', 0, 3, '2019-06-07 18:17:46', '2019-06-07 18:17:46', NULL, 500, NULL, 1, 2, 'appliance', NULL),
(38, 1, NULL, 'Oven 6', 0, 21, '2019-06-07 18:17:46', '2019-06-07 18:17:46', NULL, 500, NULL, 1, 2, 'appliance', NULL),
(42, 1, NULL, 'Fryer', 0, 2, '2019-06-07 18:17:46', '2019-06-07 18:17:46', NULL, 400, NULL, 1, 1, 'appliance', NULL),
(43, 1, NULL, 'Burner 3', 0, 5, '2019-06-07 18:17:45', '2019-06-07 18:17:45', NULL, 340, NULL, 1, 1, 'appliance', NULL),
(44, 1, NULL, 'Small Mixer', 0, 8, '2019-06-07 18:17:46', '2019-06-07 18:17:46', NULL, 400, NULL, 1, 1, 'appliance', NULL),
(45, 2, NULL, 'Heavy Common Table Usage', 0, 0, '2019-06-07 18:17:43', '2019-06-07 18:17:43', NULL, NULL, NULL, 1, 3, 'appliance', NULL),
(46, 1, NULL, 'Left Fridge', 0, 0, '2019-06-07 18:17:46', '2019-06-07 18:17:46', NULL, 900, NULL, 1, NULL, 'cooler', NULL),
(47, 1, NULL, 'Right Fridge', 0, 0, '2019-06-07 18:17:46', '2019-06-07 18:17:46', NULL, 900, NULL, 1, NULL, 'cooler', NULL),
(48, 1, NULL, 'Upstairs Fridge', 0, 0, '2019-06-07 18:17:46', '2019-06-07 18:17:46', NULL, 900, NULL, 1, NULL, 'cooler', NULL),
(49, 2, NULL, '417 Fridge', 0, 0, '2019-06-07 18:17:46', '2019-06-07 18:17:46', NULL, 900, NULL, 1, NULL, 'cooler', NULL),
(50, 5, NULL, 'Mixer', 0, 0, '2019-06-07 18:17:46', '2019-06-07 18:17:46', 0, 500, NULL, 0, 4, 'appliance', NULL),
(51, 5, NULL, 'Oven 1', 0, 2, '2019-06-07 18:17:45', '2019-06-07 18:17:45', 0, 100, NULL, 1, 4, 'appliance', NULL),
(52, 5, NULL, 'Oven 2', 0, 3, '2019-06-07 18:17:45', '2019-06-07 18:17:45', 0, 100, NULL, 1, 4, 'appliance', NULL),
(53, 5, NULL, 'Range', 0, 5, '2019-06-07 18:17:45', '2019-06-07 18:17:45', 0, 200, NULL, 1, 4, 'appliance', NULL),
(54, 5, NULL, 'Burner', 0, 6, '2019-06-07 18:17:45', '2019-06-07 18:17:45', 0, 200, NULL, 1, 4, 'appliance', NULL),
(55, 1, NULL, 'do not use', 0, 0, '2019-06-07 18:17:46', '2019-06-07 18:17:46', 0, 999, NULL, 0, 1, 'appliance', NULL),
(56, 6, NULL, 'Ground Floor - Exterior Door', 0, 0, '2019-06-07 18:17:43', '2019-06-07 18:17:43', NULL, NULL, NULL, 1, 5, 'lock', NULL),
(57, 6, NULL, 'Ground Floor - Production Door', 0, 0, '2019-06-07 18:17:43', '2019-06-07 18:17:43', NULL, NULL, NULL, 1, 5, 'lock', NULL),
(58, 6, NULL, 'Ground Floor - Upstairs Kitchen', 0, 0, '2019-06-07 18:17:43', '2019-06-07 18:17:43', NULL, NULL, NULL, 1, 5, 'lock', NULL),
(59, 6, NULL, 'Ground Floor - Office Access', 0, 0, '2019-06-07 18:17:43', '2019-06-07 18:17:43', NULL, NULL, NULL, 1, 5, 'lock', NULL),
(60, 6, NULL, 'Second Floor - Upstairs Office / Kitchen', 0, 0, '2019-06-07 18:17:43', '2019-06-07 18:17:43', NULL, NULL, NULL, 1, 5, 'lock', NULL),
(61, 6, NULL, 'Oven 1', 0, 26, '2019-06-07 18:17:45', '2019-06-07 18:17:45', NULL, 12, NULL, 1, 5, 'appliance', NULL),
(62, 6, NULL, 'Oven 2', 0, 23, '2019-06-07 18:17:44', '2019-06-07 18:17:44', NULL, 3, NULL, 1, 5, 'appliance', NULL),
(63, 6, NULL, 'Steam Kettle 2', 0, 6, '2019-06-07 18:17:44', '2019-06-07 18:17:44', NULL, 2, NULL, 1, 6, 'appliance', NULL),
(64, 6, NULL, 'Steam Kettle 1', 0, 5, '2019-06-07 18:17:44', '2019-06-07 18:17:44', NULL, 1, NULL, 1, 6, 'appliance', NULL),
(65, 6, NULL, 'Double Burner 1', 0, 0, '2019-06-07 18:17:44', '2019-06-07 18:17:44', NULL, 3, NULL, 1, 6, 'appliance', NULL),
(66, 6, NULL, 'Double Burner 2', 0, 0, '2019-06-07 18:17:44', '2019-06-07 18:17:44', NULL, 4, NULL, 1, 6, 'appliance', NULL),
(67, 6, NULL, 'Double Burner 3', 0, 0, '2019-06-07 18:17:45', '2019-06-07 18:17:45', NULL, 5, NULL, 1, 6, 'appliance', NULL),
(68, 6, NULL, 'Fryer', 0, 5, '2019-06-07 18:17:46', '2019-06-07 18:17:46', NULL, 999, NULL, 1, 5, 'appliance', NULL),
(69, 6, NULL, 'Flat Top', 0, 3, '2019-06-07 18:17:45', '2019-06-07 18:17:45', NULL, 99, NULL, 1, 5, 'appliance', NULL),
(70, 6, NULL, '6 Burner Range', 0, 6, '2019-06-07 18:17:45', '2019-06-07 18:17:45', NULL, 5, NULL, 1, 5, 'appliance', NULL),
(71, 6, NULL, 'Double Burner 4', 0, 4, '2019-06-07 18:17:44', '2019-06-07 18:17:44', NULL, 4, NULL, 1, 5, 'appliance', NULL),
(72, 6, NULL, 'Wok Range - Kirin', 0, 0, '2019-06-07 18:17:45', '2019-06-07 18:17:45', NULL, 6, NULL, 1, 5, 'appliance', NULL),
(73, 6, NULL, 'Steamer - Kirin', 0, 0, '2019-06-07 18:17:45', '2019-06-07 18:17:45', NULL, 7, NULL, 1, 5, 'appliance', NULL),
(74, 6, NULL, '60 Quart Mixer', 0, 0, '2019-06-07 18:17:43', '2019-06-07 18:17:43', NULL, 1, NULL, 1, 5, 'appliance', NULL);

-- --------------------------------------------------------

--
-- Table structure for table `appliances_tenants`
--

CREATE TABLE `appliances_tenants` (
  `id` int(10) UNSIGNED NOT NULL,
  `appliance_id` int(10) UNSIGNED NOT NULL,
  `user_id` int(10) UNSIGNED NOT NULL,
  `active` tinyint(1) NOT NULL,
  `tenant_id` int(10) UNSIGNED DEFAULT NULL,
  `lockstate_id` varchar(100) DEFAULT NULL
) ENGINE=InnoDB DEFAULT CHARSET=latin1;

--
-- Dumping data for table `appliances_tenants`
--

INSERT INTO `appliances_tenants` (`id`, `appliance_id`, `user_id`, `active`, `tenant_id`, `lockstate_id`) VALUES
(1, 10, 1, 0, 1, NULL),
(2, 11, 1, 1, 1, NULL),
(3, 12, 1, 1, 1, NULL),
(4, 13, 1, 0, 1, NULL),
(5, 14, 1, 0, 1, NULL),
(6, 15, 1, 0, 1, NULL),
(7, 16, 1, 0, 1, NULL),
(8, 17, 1, 0, 1, NULL),
(9, 18, 1, 0, 1, NULL),
(10, 10, 8, 1, 5, NULL),
(11, 11, 8, 1, 5, NULL),
(12, 12, 8, 1, 5, NULL),
(13, 13, 8, 1, 5, NULL),
(14, 14, 8, 1, 5, NULL),
(15, 15, 8, 1, 5, NULL),
(16, 16, 8, 1, 5, NULL),
(17, 17, 8, 1, 5, NULL),
(18, 18, 8, 1, 5, NULL),
(19, 10, 10, 1, 7, NULL),
(20, 11, 10, 1, 7, NULL),
(21, 12, 10, 1, 7, NULL),
(22, 13, 10, 1, 7, NULL),
(23, 14, 10, 1, 7, NULL),
(24, 15, 10, 1, 7, NULL),
(25, 16, 10, 1, 7, NULL),
(26, 17, 10, 1, 7, NULL),
(27, 18, 10, 1, 7, NULL),
(28, 10, 19, 1, 16, NULL),
(29, 11, 19, 1, 16, NULL),
(30, 12, 19, 1, 16, NULL),
(31, 13, 19, 1, 16, NULL),
(32, 14, 19, 1, 16, NULL),
(33, 15, 19, 1, 16, NULL),
(34, 16, 19, 1, 16, NULL),
(35, 17, 19, 1, 16, NULL),
(36, 18, 19, 1, 16, NULL),
(37, 10, 20, 0, 17, NULL),
(38, 11, 20, 0, 17, NULL),
(39, 12, 20, 0, 17, NULL),
(41, 14, 20, 0, 17, NULL),
(42, 15, 20, 0, 17, NULL),
(43, 16, 20, 0, 17, NULL),
(44, 17, 20, 0, 17, NULL),
(45, 18, 20, 0, 17, NULL),
(46, 10, 26, 1, 23, NULL),
(47, 11, 26, 1, 23, NULL),
(48, 12, 26, 1, 23, NULL),
(49, 13, 26, 1, 23, NULL),
(50, 14, 26, 1, 23, NULL),
(51, 15, 26, 1, 23, NULL),
(52, 16, 26, 1, 23, NULL),
(53, 17, 26, 1, 23, NULL),
(54, 18, 26, 1, 23, NULL),
(55, 10, 27, 0, 24, NULL),
(56, 11, 27, 0, 24, NULL),
(57, 12, 27, 0, 24, NULL),
(59, 14, 27, 0, 24, NULL),
(60, 15, 27, 0, 24, NULL),
(61, 16, 27, 0, 24, NULL),
(62, 17, 27, 0, 24, NULL),
(64, 10, 30, 1, 27, NULL),
(65, 11, 30, 1, 27, NULL),
(66, 12, 30, 1, 27, NULL),
(67, 13, 30, 1, 27, NULL),
(68, 14, 30, 1, 27, NULL),
(69, 15, 30, 1, 27, NULL),
(70, 16, 30, 1, 27, NULL),
(71, 17, 30, 1, 27, NULL),
(72, 18, 30, 1, 27, NULL),
(73, 10, 34, 0, 31, NULL),
(74, 11, 34, 0, 31, NULL),
(75, 12, 34, 0, 31, NULL),
(76, 13, 34, 0, 31, NULL),
(77, 14, 34, 0, 31, NULL),
(78, 15, 34, 0, 31, NULL),
(79, 16, 34, 0, 31, NULL),
(80, 17, 34, 0, 31, NULL),
(81, 18, 34, 0, 31, NULL),
(82, 10, 41, 0, 38, NULL),
(83, 11, 41, 0, 38, NULL),
(84, 12, 41, 0, 38, NULL),
(87, 15, 41, 0, 38, NULL),
(88, 16, 41, 0, 38, NULL),
(89, 17, 41, 0, 38, NULL),
(91, 10, 45, 1, 42, NULL),
(92, 11, 45, 1, 42, NULL),
(93, 12, 45, 1, 42, NULL),
(94, 13, 45, 1, 42, NULL),
(95, 14, 45, 1, 42, NULL),
(96, 15, 45, 1, 42, NULL),
(97, 16, 45, 1, 42, NULL),
(98, 17, 45, 1, 42, NULL),
(99, 18, 45, 1, 42, NULL),
(100, 10, 46, 0, 43, NULL),
(101, 11, 46, 0, 43, NULL),
(102, 12, 46, 0, 43, NULL),
(103, 13, 46, 0, 43, NULL),
(104, 14, 46, 0, 43, NULL),
(105, 15, 46, 0, 43, NULL),
(106, 16, 46, 0, 43, NULL),
(107, 17, 46, 0, 43, NULL),
(108, 18, 46, 0, 43, NULL),
(109, 10, 47, 0, 44, NULL),
(110, 11, 47, 0, 44, NULL),
(111, 12, 47, 0, 44, NULL),
(113, 14, 47, 0, 44, NULL),
(114, 15, 47, 0, 44, NULL),
(115, 16, 47, 0, 44, NULL),
(116, 17, 47, 0, 44, NULL),
(118, 10, 49, 1, 46, NULL),
(119, 11, 49, 1, 46, NULL),
(120, 12, 49, 1, 46, NULL),
(121, 13, 49, 1, 46, NULL),
(122, 14, 49, 1, 46, NULL),
(123, 15, 49, 1, 46, NULL),
(124, 16, 49, 1, 46, NULL),
(125, 17, 49, 1, 46, NULL),
(126, 18, 49, 1, 46, NULL),
(127, 10, 50, 1, 47, NULL),
(128, 11, 50, 1, 47, NULL),
(129, 12, 50, 1, 47, NULL),
(130, 13, 50, 1, 47, NULL),
(131, 14, 50, 1, 47, NULL),
(132, 15, 50, 1, 47, NULL),
(133, 16, 50, 1, 47, NULL),
(134, 17, 50, 1, 47, NULL),
(135, 18, 50, 1, 47, NULL),
(136, 10, 51, 0, 48, NULL),
(137, 11, 51, 0, 48, NULL),
(138, 12, 51, 0, 48, NULL),
(139, 13, 51, 0, 48, NULL),
(140, 14, 51, 0, 48, NULL),
(141, 15, 51, 0, 48, NULL),
(142, 16, 51, 0, 48, NULL),
(143, 17, 51, 0, 48, NULL),
(144, 18, 51, 0, 48, NULL),
(145, 10, 52, 1, 49, NULL),
(146, 11, 52, 1, 49, NULL),
(147, 12, 52, 1, 49, NULL),
(148, 13, 52, 1, 49, NULL),
(149, 14, 52, 1, 49, NULL),
(150, 15, 52, 1, 49, NULL),
(151, 16, 52, 1, 49, NULL),
(152, 17, 52, 1, 49, NULL),
(153, 18, 52, 1, 49, NULL),
(154, 10, 53, 0, 50, NULL),
(155, 11, 53, 0, 50, NULL),
(156, 12, 53, 0, 50, NULL),
(159, 15, 53, 0, 50, NULL),
(160, 16, 53, 0, 50, NULL),
(161, 17, 53, 0, 50, NULL),
(163, 10, 55, 1, 52, NULL),
(164, 11, 55, 1, 52, NULL),
(165, 12, 55, 1, 52, NULL),
(166, 13, 55, 1, 52, NULL),
(167, 14, 55, 1, 52, NULL),
(168, 15, 55, 1, 52, NULL),
(169, 16, 55, 1, 52, NULL),
(170, 17, 55, 1, 52, NULL),
(171, 18, 55, 1, 52, NULL),
(172, 10, 58, 1, 55, NULL),
(173, 11, 58, 1, 55, NULL),
(174, 12, 58, 1, 55, NULL),
(175, 13, 58, 1, 55, NULL),
(176, 14, 58, 1, 55, NULL),
(177, 15, 58, 1, 55, NULL),
(178, 16, 58, 1, 55, NULL),
(179, 17, 58, 1, 55, NULL),
(180, 18, 58, 1, 55, NULL),
(181, 10, 60, 0, 57, NULL),
(182, 11, 60, 0, 57, NULL),
(183, 12, 60, 0, 57, NULL),
(185, 14, 60, 0, 57, NULL),
(186, 15, 60, 0, 57, NULL),
(187, 16, 60, 0, 57, NULL),
(188, 17, 60, 0, 57, NULL),
(190, 10, 62, 0, 59, NULL),
(195, 15, 62, 0, 59, NULL),
(196, 16, 62, 0, 59, NULL),
(197, 17, 62, 0, 59, NULL),
(199, 10, 63, 1, 60, NULL),
(200, 11, 63, 1, 60, NULL),
(201, 12, 63, 1, 60, NULL),
(202, 13, 63, 1, 60, NULL),
(203, 14, 63, 1, 60, NULL),
(204, 15, 63, 1, 60, NULL),
(205, 16, 63, 1, 60, NULL),
(206, 17, 63, 1, 60, NULL),
(207, 18, 63, 1, 60, NULL),
(208, 10, 64, 0, 61, NULL),
(209, 11, 64, 0, 61, NULL),
(210, 12, 64, 0, 61, NULL),
(211, 13, 64, 0, 61, NULL),
(212, 14, 64, 0, 61, NULL),
(213, 15, 64, 0, 61, NULL),
(214, 16, 64, 0, 61, NULL),
(215, 17, 64, 0, 61, NULL),
(216, 18, 64, 0, 61, NULL),
(217, 10, 65, 0, 62, NULL),
(218, 11, 65, 0, 62, NULL),
(219, 12, 65, 0, 62, NULL),
(222, 15, 65, 0, 62, NULL),
(223, 16, 65, 0, 62, NULL),
(224, 17, 65, 0, 62, NULL),
(226, 10, 66, 1, 63, NULL),
(227, 11, 66, 1, 63, NULL),
(228, 12, 66, 1, 63, NULL),
(229, 13, 66, 1, 63, NULL),
(230, 14, 66, 1, 63, NULL),
(231, 15, 66, 1, 63, NULL),
(232, 16, 66, 1, 63, NULL),
(233, 17, 66, 1, 63, NULL),
(234, 18, 66, 1, 63, NULL),
(235, 10, 67, 0, 64, NULL),
(236, 11, 67, 0, 64, NULL),
(237, 12, 67, 0, 64, NULL),
(239, 14, 67, 0, 64, NULL),
(240, 15, 67, 0, 64, NULL),
(241, 16, 67, 0, 64, NULL),
(242, 17, 67, 0, 64, NULL),
(244, 10, 68, 0, 65, NULL),
(245, 11, 68, 0, 65, NULL),
(246, 12, 68, 0, 65, NULL),
(248, 14, 68, 0, 65, NULL),
(249, 15, 68, 0, 65, NULL),
(250, 16, 68, 0, 65, NULL),
(251, 17, 68, 0, 65, NULL),
(253, 10, 69, 0, 66, NULL),
(254, 11, 69, 0, 66, NULL),
(255, 12, 69, 0, 66, NULL),
(258, 15, 69, 0, 66, NULL),
(259, 16, 69, 0, 66, NULL),
(260, 17, 69, 0, 66, NULL),
(262, 10, 70, 1, 67, NULL),
(263, 11, 70, 1, 67, NULL),
(264, 12, 70, 1, 67, NULL),
(265, 13, 70, 1, 67, NULL),
(266, 14, 70, 1, 67, NULL),
(267, 15, 70, 1, 67, NULL),
(268, 16, 70, 1, 67, NULL),
(269, 17, 70, 1, 67, NULL),
(270, 18, 70, 1, 67, NULL),
(271, 10, 71, 0, 68, NULL),
(276, 15, 71, 0, 68, NULL),
(277, 16, 71, 0, 68, NULL),
(278, 17, 71, 0, 68, NULL),
(280, 10, 72, 0, 69, NULL),
(285, 15, 72, 0, 69, NULL),
(286, 16, 72, 0, 69, NULL),
(287, 17, 72, 0, 69, NULL),
(289, 10, 73, 0, 70, NULL),
(290, 11, 73, 0, 70, NULL),
(291, 12, 73, 0, 70, NULL),
(292, 13, 73, 0, 70, NULL),
(293, 14, 73, 0, 70, NULL),
(294, 15, 73, 0, 70, NULL),
(295, 16, 73, 0, 70, NULL),
(296, 17, 73, 0, 70, NULL),
(297, 18, 73, 0, 70, NULL),
(298, 10, 74, 0, 71, NULL),
(299, 11, 74, 0, 71, NULL),
(300, 12, 74, 0, 71, NULL),
(301, 13, 74, 0, 71, NULL),
(302, 14, 74, 0, 71, NULL),
(303, 15, 74, 0, 71, NULL),
(304, 16, 74, 0, 71, NULL),
(305, 17, 74, 0, 71, NULL),
(306, 18, 74, 0, 71, NULL),
(307, 10, 75, 1, 72, NULL),
(308, 11, 75, 1, 72, NULL),
(309, 12, 75, 1, 72, NULL),
(310, 13, 75, 1, 72, NULL),
(311, 14, 75, 1, 72, NULL),
(312, 15, 75, 1, 72, NULL),
(313, 16, 75, 1, 72, NULL),
(314, 17, 75, 1, 72, NULL),
(315, 18, 75, 1, 72, NULL),
(316, 10, 76, 0, 73, NULL),
(321, 15, 76, 0, 73, NULL),
(322, 16, 76, 0, 73, NULL),
(323, 17, 76, 0, 73, NULL),
(325, 10, 77, 1, 74, NULL),
(326, 11, 77, 1, 74, NULL),
(327, 12, 77, 1, 74, NULL),
(328, 13, 77, 1, 74, NULL),
(329, 14, 77, 1, 74, NULL),
(330, 15, 77, 1, 74, NULL),
(331, 16, 77, 1, 74, NULL),
(332, 17, 77, 1, 74, NULL),
(333, 18, 77, 1, 74, NULL),
(334, 10, 78, 1, 75, NULL),
(335, 11, 78, 1, 75, NULL),
(336, 12, 78, 1, 75, NULL),
(337, 13, 78, 1, 75, NULL),
(338, 14, 78, 1, 75, NULL),
(339, 15, 78, 1, 75, NULL),
(340, 16, 78, 1, 75, NULL),
(341, 17, 78, 1, 75, NULL),
(342, 18, 78, 1, 75, NULL),
(343, 10, 79, 0, 76, NULL),
(344, 11, 79, 0, 76, NULL),
(345, 12, 79, 0, 76, NULL),
(347, 14, 79, 0, 76, NULL),
(348, 15, 79, 0, 76, NULL),
(349, 16, 79, 0, 76, NULL),
(350, 17, 79, 0, 76, NULL),
(352, 10, 80, 0, 77, NULL),
(353, 11, 80, 0, 77, NULL),
(354, 12, 80, 0, 77, NULL),
(355, 13, 80, 0, 77, NULL),
(356, 14, 80, 0, 77, NULL),
(357, 15, 80, 0, 77, NULL),
(358, 16, 80, 0, 77, NULL),
(359, 17, 80, 0, 77, NULL),
(360, 18, 80, 0, 77, NULL),
(361, 10, 81, 0, 78, NULL),
(362, 11, 81, 0, 78, NULL),
(363, 12, 81, 0, 78, NULL),
(364, 13, 81, 0, 78, NULL),
(365, 14, 81, 0, 78, NULL),
(366, 15, 81, 0, 78, NULL),
(367, 16, 81, 0, 78, NULL),
(368, 17, 81, 0, 78, NULL),
(369, 18, 81, 0, 78, NULL),
(370, 10, 82, 0, 79, NULL),
(371, 11, 82, 0, 79, NULL),
(372, 12, 82, 0, 79, NULL),
(374, 14, 82, 0, 79, NULL),
(375, 15, 82, 0, 79, NULL),
(376, 16, 82, 0, 79, NULL),
(377, 17, 82, 0, 79, NULL),
(379, 10, 83, 0, 80, NULL),
(380, 11, 83, 0, 80, NULL),
(381, 12, 83, 0, 80, NULL),
(382, 13, 83, 0, 80, NULL),
(383, 14, 83, 0, 80, NULL),
(384, 15, 83, 0, 80, NULL),
(385, 16, 83, 0, 80, NULL),
(386, 17, 83, 0, 80, NULL),
(387, 18, 83, 0, 80, NULL),
(388, 10, 84, 0, 81, NULL),
(393, 15, 84, 0, 81, NULL),
(394, 16, 84, 0, 81, NULL),
(395, 17, 84, 0, 81, NULL),
(397, 10, 85, 0, 82, NULL),
(398, 11, 85, 0, 82, NULL),
(399, 12, 85, 0, 82, NULL),
(401, 14, 85, 0, 82, NULL),
(402, 15, 85, 0, 82, NULL),
(403, 16, 85, 0, 82, NULL),
(404, 17, 85, 0, 82, NULL),
(406, 10, 86, 1, 83, NULL),
(407, 11, 86, 1, 83, NULL),
(408, 12, 86, 1, 83, NULL),
(409, 13, 86, 1, 83, NULL),
(410, 14, 86, 1, 83, NULL),
(411, 15, 86, 1, 83, NULL),
(412, 16, 86, 1, 83, NULL),
(413, 17, 86, 1, 83, NULL),
(414, 18, 86, 1, 83, NULL),
(415, 10, 87, 0, 85, NULL),
(416, 11, 87, 0, 85, NULL),
(417, 12, 87, 0, 85, NULL),
(419, 14, 87, 0, 85, NULL),
(420, 15, 87, 0, 85, NULL),
(421, 16, 87, 0, 85, NULL),
(422, 17, 87, 0, 85, NULL),
(424, 10, 88, 0, 86, NULL),
(429, 15, 88, 0, 86, NULL),
(430, 16, 88, 0, 86, NULL),
(431, 17, 88, 0, 86, NULL),
(433, 10, 89, 0, 88, NULL),
(434, 11, 89, 0, 88, NULL),
(435, 12, 89, 0, 88, NULL),
(438, 15, 89, 0, 88, NULL),
(439, 16, 89, 0, 88, NULL),
(440, 17, 89, 0, 88, NULL),
(442, 10, 90, 0, 92, NULL),
(443, 11, 90, 0, 92, NULL),
(444, 12, 90, 0, 92, NULL),
(447, 15, 90, 0, 92, NULL),
(448, 16, 90, 0, 92, NULL),
(449, 17, 90, 0, 92, NULL),
(451, 10, 91, 0, 93, NULL),
(452, 11, 91, 0, 93, NULL),
(453, 12, 91, 0, 93, NULL),
(455, 14, 91, 0, 93, NULL),
(456, 15, 91, 0, 93, NULL),
(457, 16, 91, 0, 93, NULL),
(458, 17, 91, 0, 93, NULL),
(460, 10, 92, 0, 94, NULL),
(461, 11, 92, 0, 94, NULL),
(462, 12, 92, 0, 94, NULL),
(463, 13, 92, 0, 94, NULL),
(464, 14, 92, 0, 94, NULL),
(465, 15, 92, 0, 94, NULL),
(466, 16, 92, 0, 94, NULL),
(467, 17, 92, 0, 94, NULL),
(468, 18, 92, 0, 94, NULL),
(469, 29, 50, 1, 87, NULL),
(470, 28, 50, 1, 87, NULL),
(471, 27, 50, 1, 87, NULL),
(472, 23, 50, 1, 87, NULL),
(473, 24, 50, 1, 87, NULL),
(474, 25, 50, 1, 87, NULL),
(475, 26, 50, 1, 87, NULL),
(483, 34, 50, 1, 87, NULL),
(484, 34, 45, 1, 89, NULL),
(487, 34, 93, 0, 95, NULL),
(489, 29, 92, 0, 98, NULL),
(490, 34, 92, 0, 98, NULL),
(491, 28, 92, 0, 98, NULL),
(492, 27, 92, 0, 98, NULL),
(493, 23, 92, 0, 98, NULL),
(494, 24, 92, 0, 98, NULL),
(495, 25, 92, 0, 98, NULL),
(496, 26, 92, 0, 98, NULL),
(497, 29, 68, 0, 103, NULL),
(498, 34, 68, 0, 103, NULL),
(499, 28, 68, 0, 103, NULL),
(500, 27, 68, 0, 103, NULL),
(501, 23, 68, 0, 103, NULL),
(502, 24, 68, 0, 103, NULL),
(503, 25, 68, 0, 103, NULL),
(504, 26, 68, 0, 103, NULL),
(505, 29, 53, 0, 101, NULL),
(506, 34, 53, 0, 101, NULL),
(507, 28, 53, 0, 101, NULL),
(508, 27, 53, 0, 101, NULL),
(509, 23, 53, 0, 101, NULL),
(510, 24, 53, 0, 101, NULL),
(511, 25, 53, 0, 101, NULL),
(512, 26, 53, 0, 101, NULL),
(513, 29, 79, 0, 99, NULL),
(514, 34, 79, 0, 99, NULL),
(515, 28, 79, 0, 99, NULL),
(516, 27, 79, 0, 99, NULL),
(517, 23, 79, 0, 99, NULL),
(518, 24, 79, 0, 99, NULL),
(519, 25, 79, 0, 99, NULL),
(520, 26, 79, 0, 99, NULL),
(521, 23, 93, 0, 95, NULL),
(522, 24, 93, 0, 95, NULL),
(523, 25, 93, 0, 95, NULL),
(524, 26, 93, 0, 95, NULL),
(525, 27, 93, 0, 95, NULL),
(526, 28, 93, 0, 95, NULL),
(527, 29, 93, 0, 95, NULL),
(528, 29, 67, 0, 102, NULL),
(529, 34, 67, 0, 102, NULL),
(530, 28, 67, 0, 102, NULL),
(531, 27, 67, 0, 102, NULL),
(532, 23, 67, 0, 102, NULL),
(533, 24, 67, 0, 102, NULL),
(534, 25, 67, 0, 102, NULL),
(535, 26, 67, 0, 102, NULL),
(536, 29, 20, 0, 100, NULL),
(537, 34, 20, 0, 100, NULL),
(538, 28, 20, 0, 100, NULL),
(539, 27, 20, 0, 100, NULL),
(540, 23, 20, 0, 100, NULL),
(541, 24, 20, 0, 100, NULL),
(542, 25, 20, 0, 100, NULL),
(543, 26, 20, 0, 100, NULL),
(544, 16, 17, 0, 14, NULL),
(545, 10, 17, 0, 14, NULL),
(546, 11, 17, 0, 14, NULL),
(547, 12, 17, 0, 14, NULL),
(548, 17, 17, 0, 14, NULL),
(549, 15, 17, 0, 14, NULL),
(550, 13, 17, 0, 14, NULL),
(551, 14, 17, 0, 14, NULL),
(552, 18, 17, 0, 14, NULL),
(553, 29, 17, 0, 104, NULL),
(554, 34, 17, 0, 104, NULL),
(555, 28, 17, 0, 104, NULL),
(556, 27, 17, 0, 104, NULL),
(557, 23, 17, 0, 104, NULL),
(558, 24, 17, 0, 104, NULL),
(559, 25, 17, 0, 104, NULL),
(560, 26, 17, 0, 104, NULL),
(571, 23, 45, 1, 89, NULL),
(572, 24, 45, 1, 89, NULL),
(573, 25, 45, 1, 89, NULL),
(574, 26, 45, 1, 89, NULL),
(575, 27, 45, 1, 89, NULL),
(576, 28, 45, 1, 89, NULL),
(577, 29, 45, 1, 89, NULL),
(578, 29, 96, 1, 107, NULL),
(579, 34, 96, 0, 107, NULL),
(580, 28, 96, 1, 107, NULL),
(581, 27, 96, 0, 107, NULL),
(582, 23, 96, 0, 107, NULL),
(583, 24, 96, 0, 107, NULL),
(584, 25, 96, 0, 107, NULL),
(585, 26, 96, 0, 107, NULL),
(586, 29, 1, 1, 109, NULL),
(587, 34, 1, 0, 109, NULL),
(588, 28, 1, 0, 109, NULL),
(589, 27, 1, 0, 109, NULL),
(590, 23, 1, 0, 109, NULL),
(591, 24, 1, 0, 109, NULL),
(592, 25, 1, 0, 109, NULL),
(593, 26, 1, 0, 109, NULL),
(594, 29, 70, 1, 110, NULL),
(595, 34, 70, 1, 110, NULL),
(596, 28, 70, 1, 110, NULL),
(597, 27, 70, 1, 110, NULL),
(598, 23, 70, 1, 110, NULL),
(599, 24, 70, 1, 110, NULL),
(600, 25, 70, 1, 110, NULL),
(601, 26, 70, 1, 110, NULL),
(602, 16, 98, 0, 113, NULL),
(603, 10, 98, 0, 113, NULL),
(604, 11, 98, 0, 113, NULL),
(605, 12, 98, 0, 113, NULL),
(606, 17, 98, 0, 113, NULL),
(607, 15, 98, 0, 113, NULL),
(609, 14, 98, 0, 113, NULL),
(619, 29, 89, 0, 111, NULL),
(620, 34, 89, 0, 111, NULL),
(621, 28, 89, 0, 111, NULL),
(622, 27, 89, 0, 111, NULL),
(623, 23, 89, 0, 111, NULL),
(624, 24, 89, 0, 111, NULL),
(625, 25, 89, 0, 111, NULL),
(626, 26, 89, 0, 111, NULL),
(627, 29, 10, 1, 116, NULL),
(628, 34, 10, 1, 116, NULL),
(629, 28, 10, 1, 116, NULL),
(630, 27, 10, 1, 116, NULL),
(631, 23, 10, 1, 116, NULL),
(632, 24, 10, 1, 116, NULL),
(633, 25, 10, 1, 116, NULL),
(634, 26, 10, 1, 116, NULL),
(635, 16, 99, 1, 115, NULL),
(636, 10, 99, 1, 115, NULL),
(637, 11, 99, 1, 115, NULL),
(638, 12, 99, 1, 115, NULL),
(639, 17, 99, 1, 115, NULL),
(640, 15, 99, 1, 115, NULL),
(641, 13, 99, 1, 115, NULL),
(642, 14, 99, 1, 115, NULL),
(643, 18, 99, 1, 115, NULL),
(644, 16, 16, 0, 13, NULL),
(645, 10, 16, 0, 13, NULL),
(648, 17, 16, 0, 13, NULL),
(649, 15, 16, 0, 13, NULL),
(653, 16, 94, 0, 97, NULL),
(654, 10, 94, 0, 97, NULL),
(655, 11, 94, 0, 97, NULL),
(656, 12, 94, 0, 97, NULL),
(657, 17, 94, 0, 97, NULL),
(658, 15, 94, 0, 97, NULL),
(659, 13, 94, 0, 97, NULL),
(660, 14, 94, 0, 97, NULL),
(661, 18, 94, 0, 97, NULL),
(662, 16, 95, 0, 105, NULL),
(663, 10, 95, 0, 105, NULL),
(666, 17, 95, 0, 105, NULL),
(667, 15, 95, 0, 105, NULL),
(781, 36, 1, 1, 1, NULL),
(784, 36, 8, 1, 5, NULL),
(786, 36, 10, 1, 7, NULL),
(793, 36, 17, 0, 14, NULL),
(795, 36, 19, 1, 16, NULL),
(796, 36, 20, 0, 17, NULL),
(802, 36, 26, 1, 23, NULL),
(803, 36, 27, 0, 24, NULL),
(806, 36, 30, 1, 27, NULL),
(810, 36, 34, 0, 31, NULL),
(817, 36, 41, 0, 38, NULL),
(821, 36, 45, 1, 42, NULL),
(822, 36, 46, 0, 43, NULL),
(823, 36, 47, 0, 44, NULL),
(825, 36, 49, 1, 46, NULL),
(826, 36, 50, 1, 47, NULL),
(827, 36, 51, 0, 48, NULL),
(828, 36, 52, 1, 49, NULL),
(829, 36, 53, 0, 50, NULL),
(831, 36, 55, 1, 52, NULL),
(834, 36, 58, 1, 55, NULL),
(836, 36, 60, 0, 57, NULL),
(839, 36, 63, 1, 60, NULL),
(840, 36, 64, 0, 61, NULL),
(841, 36, 65, 0, 62, NULL),
(842, 36, 66, 1, 63, NULL),
(843, 36, 67, 0, 64, NULL),
(844, 36, 68, 0, 65, NULL),
(845, 36, 69, 0, 66, NULL),
(846, 36, 70, 1, 67, NULL),
(849, 36, 73, 0, 70, NULL),
(850, 36, 74, 0, 71, NULL),
(851, 36, 75, 1, 72, NULL),
(853, 36, 77, 1, 74, NULL),
(854, 36, 78, 1, 75, NULL),
(855, 36, 79, 0, 76, NULL),
(856, 36, 80, 0, 77, NULL),
(857, 36, 81, 0, 78, NULL),
(858, 36, 82, 0, 79, NULL),
(859, 36, 83, 0, 80, NULL),
(861, 36, 85, 0, 82, NULL),
(862, 36, 86, 1, 83, NULL),
(863, 36, 87, 0, 85, NULL),
(865, 36, 89, 0, 88, NULL),
(866, 36, 90, 0, 92, NULL),
(867, 36, 91, 0, 93, NULL),
(868, 36, 92, 0, 94, NULL),
(869, 36, 94, 0, 97, NULL),
(871, 36, 96, 1, 106, NULL),
(873, 36, 98, 0, 113, NULL),
(874, 36, 99, 1, 115, NULL),
(875, 29, 83, 0, 117, NULL),
(876, 34, 83, 0, 117, NULL),
(877, 28, 83, 0, 117, NULL),
(878, 27, 83, 0, 117, NULL),
(879, 23, 83, 0, 117, NULL),
(880, 24, 83, 0, 117, NULL),
(881, 25, 83, 0, 117, NULL),
(882, 26, 83, 0, 117, NULL),
(883, 10, 97, 0, 108, NULL),
(888, 15, 97, 0, 108, NULL),
(889, 16, 97, 0, 108, NULL),
(890, 17, 97, 0, 108, NULL),
(892, 29, 64, 0, 122, NULL),
(893, 34, 64, 0, 122, NULL),
(894, 28, 64, 0, 122, NULL),
(895, 27, 64, 0, 122, NULL),
(896, 23, 64, 0, 122, NULL),
(897, 24, 64, 0, 122, NULL),
(898, 25, 64, 0, 122, NULL),
(899, 26, 64, 0, 122, NULL),
(908, 37, 1, 1, 1, NULL),
(911, 37, 8, 1, 5, NULL),
(913, 37, 10, 1, 7, NULL),
(920, 37, 17, 0, 14, NULL),
(922, 37, 19, 1, 16, NULL),
(923, 37, 20, 0, 17, NULL),
(929, 37, 26, 1, 23, NULL),
(930, 37, 27, 0, 24, NULL),
(933, 37, 30, 1, 27, NULL),
(937, 37, 34, 0, 31, NULL),
(944, 37, 41, 0, 38, NULL),
(948, 37, 45, 1, 42, NULL),
(949, 37, 46, 0, 43, NULL),
(950, 37, 47, 0, 44, NULL),
(952, 37, 49, 1, 46, NULL),
(953, 37, 50, 1, 47, NULL),
(954, 37, 51, 0, 48, NULL),
(955, 37, 52, 1, 49, NULL),
(956, 37, 53, 0, 50, NULL),
(958, 37, 55, 1, 52, NULL),
(961, 37, 58, 1, 55, NULL),
(963, 37, 60, 0, 57, NULL),
(966, 37, 63, 1, 60, NULL),
(967, 37, 64, 0, 61, NULL),
(968, 37, 65, 0, 62, NULL),
(969, 37, 66, 1, 63, NULL),
(970, 37, 67, 0, 64, NULL),
(971, 37, 68, 0, 65, NULL),
(972, 37, 69, 0, 66, NULL),
(973, 37, 70, 1, 67, NULL),
(976, 37, 73, 0, 70, NULL),
(977, 37, 74, 0, 71, NULL),
(978, 37, 75, 1, 72, NULL),
(980, 37, 77, 1, 74, NULL),
(981, 37, 78, 1, 75, NULL),
(982, 37, 79, 0, 76, NULL),
(983, 37, 80, 0, 77, NULL),
(984, 37, 81, 0, 78, NULL),
(985, 37, 82, 0, 79, NULL),
(986, 37, 83, 0, 80, NULL),
(988, 37, 85, 0, 82, NULL),
(989, 37, 86, 1, 83, NULL),
(990, 37, 87, 0, 85, NULL),
(992, 37, 89, 0, 88, NULL),
(993, 37, 90, 0, 92, NULL),
(994, 37, 91, 0, 93, NULL),
(995, 37, 92, 0, 94, NULL),
(996, 37, 94, 0, 97, NULL),
(998, 37, 96, 0, 106, NULL),
(1000, 37, 98, 0, 113, NULL),
(1001, 37, 99, 1, 115, NULL),
(1002, 37, 101, 0, 119, NULL),
(1003, 38, 1, 1, 1, NULL),
(1006, 38, 8, 1, 5, NULL),
(1008, 38, 10, 1, 7, NULL),
(1015, 38, 17, 0, 14, NULL),
(1017, 38, 19, 1, 16, NULL),
(1018, 38, 20, 0, 17, NULL),
(1024, 38, 26, 1, 23, NULL),
(1025, 38, 27, 0, 24, NULL),
(1028, 38, 30, 1, 27, NULL),
(1032, 38, 34, 0, 31, NULL),
(1039, 38, 41, 0, 38, NULL),
(1043, 38, 45, 1, 42, NULL),
(1044, 38, 46, 0, 43, NULL),
(1045, 38, 47, 0, 44, NULL),
(1047, 38, 49, 1, 46, NULL),
(1048, 38, 50, 1, 47, NULL),
(1049, 38, 51, 0, 48, NULL),
(1050, 38, 52, 1, 49, NULL),
(1051, 38, 53, 0, 50, NULL),
(1053, 38, 55, 1, 52, NULL),
(1056, 38, 58, 1, 55, NULL),
(1058, 38, 60, 0, 57, NULL),
(1061, 38, 63, 1, 60, NULL),
(1062, 38, 64, 0, 61, NULL),
(1063, 38, 65, 0, 62, NULL),
(1064, 38, 66, 1, 63, NULL),
(1065, 38, 67, 0, 64, NULL),
(1066, 38, 68, 0, 65, NULL),
(1067, 38, 69, 0, 66, NULL),
(1068, 38, 70, 1, 67, NULL),
(1071, 38, 73, 0, 70, NULL),
(1072, 38, 74, 0, 71, NULL),
(1073, 38, 75, 1, 72, NULL),
(1075, 38, 77, 1, 74, NULL),
(1076, 38, 78, 1, 75, NULL),
(1077, 38, 79, 0, 76, NULL),
(1078, 38, 80, 0, 77, NULL),
(1079, 38, 81, 0, 78, NULL),
(1080, 38, 82, 0, 79, NULL),
(1081, 38, 83, 0, 80, NULL),
(1083, 38, 85, 0, 82, NULL),
(1084, 38, 86, 1, 83, NULL),
(1085, 38, 87, 0, 85, NULL),
(1087, 38, 89, 0, 88, NULL),
(1088, 38, 90, 0, 92, NULL),
(1089, 38, 91, 0, 93, NULL),
(1090, 38, 92, 0, 94, NULL),
(1091, 38, 94, 0, 97, NULL),
(1093, 38, 96, 0, 106, NULL),
(1095, 38, 98, 0, 113, NULL),
(1096, 38, 99, 1, 115, NULL),
(1097, 38, 101, 0, 119, NULL),
(1383, 42, 1, 0, 1, NULL),
(1386, 42, 8, 0, 5, NULL),
(1388, 42, 10, 0, 7, NULL),
(1395, 42, 17, 0, 14, NULL),
(1397, 42, 19, 0, 16, NULL),
(1404, 42, 26, 0, 23, NULL),
(1408, 42, 30, 0, 27, NULL),
(1412, 42, 34, 0, 31, NULL),
(1423, 42, 45, 1, 42, NULL),
(1427, 42, 49, 1, 46, NULL),
(1428, 42, 50, 1, 47, NULL),
(1430, 42, 52, 0, 49, NULL),
(1433, 42, 55, 0, 52, NULL),
(1436, 42, 58, 0, 55, NULL),
(1441, 42, 63, 0, 60, NULL),
(1444, 42, 66, 0, 63, NULL),
(1448, 42, 70, 1, 67, NULL),
(1452, 42, 74, 0, 71, NULL),
(1453, 42, 75, 0, 72, NULL),
(1455, 42, 77, 0, 74, NULL),
(1456, 42, 78, 0, 75, NULL),
(1464, 42, 86, 0, 83, NULL),
(1470, 42, 92, 0, 94, NULL),
(1473, 42, 96, 0, 106, NULL),
(1476, 42, 99, 0, 115, NULL),
(1512, 11, 96, 0, 106, NULL),
(1513, 11, 101, 0, 119, NULL),
(1548, 12, 96, 0, 106, NULL),
(1549, 12, 101, 0, 119, NULL),
(1550, 29, 102, 0, 120, NULL),
(1551, 29, 77, 1, 121, NULL),
(1552, 10, 96, 0, 106, NULL),
(1553, 13, 96, 0, 106, NULL),
(1554, 14, 96, 0, 106, NULL),
(1555, 15, 96, 0, 106, NULL),
(1556, 16, 96, 0, 106, NULL),
(1557, 17, 96, 0, 106, NULL),
(1558, 18, 96, 0, 106, NULL),
(1567, 37, 103, 0, 123, NULL),
(1568, 38, 103, 0, 123, NULL),
(1569, 11, 103, 0, 123, NULL),
(1570, 12, 103, 0, 123, NULL),
(1571, 34, 102, 0, 120, NULL),
(1572, 34, 77, 1, 121, NULL),
(1573, 27, 102, 0, 120, NULL),
(1574, 27, 77, 1, 121, NULL),
(1575, 23, 102, 0, 120, NULL),
(1576, 23, 77, 1, 121, NULL),
(1577, 24, 102, 0, 120, NULL),
(1578, 24, 77, 1, 121, NULL),
(1579, 25, 102, 0, 120, NULL),
(1580, 25, 77, 1, 121, NULL),
(1581, 26, 102, 0, 120, NULL),
(1582, 26, 77, 1, 121, NULL),
(1583, 43, 1, 1, 1, NULL),
(1584, 43, 8, 1, 5, NULL),
(1585, 43, 10, 1, 7, NULL),
(1586, 43, 17, 0, 14, NULL),
(1587, 43, 19, 1, 16, NULL),
(1588, 43, 20, 0, 17, NULL),
(1589, 43, 26, 1, 23, NULL),
(1590, 43, 27, 0, 24, NULL),
(1591, 43, 30, 1, 27, NULL),
(1592, 43, 34, 0, 31, NULL),
(1593, 43, 41, 0, 38, NULL),
(1594, 43, 45, 1, 42, NULL),
(1595, 43, 46, 0, 43, NULL),
(1596, 43, 47, 0, 44, NULL),
(1597, 43, 49, 1, 46, NULL),
(1598, 43, 50, 1, 47, NULL),
(1599, 43, 51, 0, 48, NULL),
(1600, 43, 52, 1, 49, NULL),
(1601, 43, 53, 0, 50, NULL),
(1602, 43, 55, 1, 52, NULL),
(1603, 43, 58, 1, 55, NULL),
(1604, 43, 60, 0, 57, NULL),
(1605, 43, 63, 1, 60, NULL),
(1606, 43, 64, 0, 61, NULL),
(1607, 43, 65, 0, 62, NULL),
(1608, 43, 66, 1, 63, NULL),
(1609, 43, 67, 0, 64, NULL),
(1610, 43, 68, 0, 65, NULL),
(1611, 43, 69, 0, 66, NULL),
(1612, 43, 70, 1, 67, NULL),
(1613, 43, 73, 0, 70, NULL),
(1614, 43, 74, 0, 71, NULL),
(1615, 43, 75, 1, 72, NULL),
(1616, 43, 77, 1, 74, NULL),
(1617, 43, 78, 1, 75, NULL),
(1618, 43, 79, 0, 76, NULL),
(1619, 43, 80, 0, 77, NULL),
(1620, 43, 81, 0, 78, NULL),
(1621, 43, 82, 0, 79, NULL),
(1622, 43, 83, 0, 80, NULL),
(1623, 43, 85, 0, 82, NULL),
(1624, 43, 86, 1, 83, NULL),
(1625, 43, 87, 0, 85, NULL),
(1626, 43, 89, 0, 88, NULL),
(1627, 43, 90, 0, 92, NULL),
(1628, 43, 91, 0, 93, NULL),
(1629, 43, 92, 0, 94, NULL),
(1630, 43, 94, 0, 97, NULL),
(1631, 43, 96, 1, 106, NULL),
(1632, 43, 98, 0, 113, NULL),
(1633, 43, 99, 1, 115, NULL),
(1634, 43, 101, 0, 119, NULL),
(1635, 43, 103, 0, 123, NULL),
(1637, 13, 101, 0, 119, NULL),
(1638, 13, 103, 0, 123, NULL),
(1639, 14, 101, 0, 119, NULL),
(1640, 14, 103, 0, 123, NULL),
(1641, 44, 1, 1, 1, NULL),
(1642, 44, 8, 1, 5, NULL),
(1643, 44, 10, 1, 7, NULL),
(1644, 44, 17, 0, 14, NULL),
(1645, 44, 19, 1, 16, NULL),
(1646, 44, 20, 0, 17, NULL),
(1647, 44, 26, 1, 23, NULL),
(1648, 44, 27, 0, 24, NULL),
(1649, 44, 30, 1, 27, NULL),
(1650, 44, 34, 0, 31, NULL),
(1651, 44, 41, 0, 38, NULL),
(1652, 44, 45, 1, 42, NULL),
(1653, 44, 46, 0, 43, NULL),
(1654, 44, 47, 0, 44, NULL),
(1655, 44, 49, 1, 46, NULL),
(1656, 44, 50, 1, 47, NULL),
(1657, 44, 51, 0, 48, NULL),
(1658, 44, 52, 1, 49, NULL),
(1659, 44, 53, 0, 50, NULL),
(1660, 44, 55, 1, 52, NULL),
(1661, 44, 58, 1, 55, NULL),
(1662, 44, 60, 0, 57, NULL),
(1663, 44, 63, 1, 60, NULL),
(1664, 44, 64, 0, 61, NULL),
(1665, 44, 65, 0, 62, NULL),
(1666, 44, 66, 1, 63, NULL),
(1667, 44, 67, 0, 64, NULL),
(1668, 44, 68, 0, 65, NULL),
(1669, 44, 69, 0, 66, NULL),
(1670, 44, 70, 1, 67, NULL),
(1671, 44, 73, 0, 70, NULL),
(1672, 44, 74, 0, 71, NULL),
(1673, 44, 75, 1, 72, NULL),
(1674, 44, 77, 1, 74, NULL),
(1675, 44, 78, 1, 75, NULL),
(1676, 44, 79, 0, 76, NULL),
(1677, 44, 80, 0, 77, NULL),
(1678, 44, 81, 0, 78, NULL),
(1679, 44, 82, 0, 79, NULL),
(1680, 44, 83, 0, 80, NULL),
(1681, 44, 85, 0, 82, NULL),
(1682, 44, 86, 1, 83, NULL),
(1683, 44, 87, 0, 85, NULL),
(1684, 44, 89, 0, 88, NULL),
(1685, 44, 90, 0, 92, NULL),
(1686, 44, 91, 0, 93, NULL),
(1687, 44, 92, 0, 94, NULL),
(1688, 44, 94, 0, 97, NULL),
(1689, 44, 96, 1, 106, NULL),
(1690, 44, 98, 0, 113, NULL),
(1691, 44, 99, 1, 115, NULL),
(1692, 44, 101, 0, 119, NULL),
(1693, 44, 103, 0, 123, NULL),
(1694, 28, 102, 0, 120, NULL),
(1695, 28, 77, 1, 121, NULL),
(1696, 36, 101, 0, 119, NULL),
(1697, 36, 103, 0, 123, NULL),
(1698, 44, 105, 0, 125, NULL),
(1699, 18, 101, 0, 119, NULL),
(1700, 18, 103, 0, 123, NULL),
(1702, 10, 105, 0, 125, NULL),
(1703, 11, 105, 0, 125, NULL),
(1704, 12, 105, 0, 125, NULL),
(1706, 14, 105, 0, 125, NULL),
(1707, 15, 105, 0, 125, NULL),
(1708, 16, 105, 0, 125, NULL),
(1709, 17, 105, 0, 125, NULL),
(1710, 36, 105, 0, 125, NULL),
(1711, 37, 105, 0, 125, NULL),
(1712, 38, 105, 0, 125, NULL),
(1714, 43, 105, 0, 125, NULL),
(1715, 10, 103, 0, 123, NULL),
(1716, 15, 103, 0, 123, NULL),
(1717, 16, 103, 0, 123, NULL),
(1718, 17, 103, 0, 123, NULL),
(1719, 34, 94, 0, 126, NULL),
(1720, 27, 94, 0, 126, NULL),
(1721, 23, 94, 0, 126, NULL),
(1722, 24, 94, 0, 126, NULL),
(1723, 25, 94, 0, 126, NULL),
(1724, 26, 94, 0, 126, NULL),
(1725, 29, 94, 0, 126, NULL),
(1726, 28, 94, 0, 126, NULL),
(1727, 23, 80, 0, 128, NULL),
(1728, 24, 80, 0, 128, NULL),
(1729, 25, 80, 0, 128, NULL),
(1730, 26, 80, 0, 128, NULL),
(1731, 34, 80, 0, 128, NULL),
(1732, 27, 80, 0, 128, NULL),
(1733, 29, 80, 0, 128, NULL),
(1734, 28, 80, 0, 128, NULL),
(1735, 16, 106, 0, 127, NULL),
(1736, 10, 106, 0, 127, NULL),
(1737, 17, 106, 0, 127, NULL),
(1738, 15, 106, 0, 127, NULL),
(1739, 13, 106, 0, 127, NULL),
(1740, 14, 106, 0, 127, NULL),
(1741, 43, 106, 0, 127, NULL),
(1742, 44, 106, 0, 127, NULL),
(1744, 11, 106, 0, 127, NULL),
(1745, 12, 106, 0, 127, NULL),
(1746, 37, 106, 0, 127, NULL),
(1747, 38, 106, 0, 127, NULL),
(1748, 18, 106, 0, 127, NULL),
(1749, 36, 106, 0, 127, NULL),
(1750, 45, 50, 1, 87, NULL),
(1751, 45, 45, 1, 89, NULL),
(1752, 45, 93, 0, 95, NULL),
(1753, 45, 92, 0, 98, NULL),
(1754, 45, 79, 0, 99, NULL),
(1755, 45, 20, 0, 100, NULL),
(1756, 45, 67, 0, 102, NULL),
(1757, 45, 68, 0, 103, NULL),
(1758, 45, 17, 0, 104, NULL),
(1759, 45, 96, 0, 107, NULL),
(1760, 45, 1, 1, 109, NULL),
(1761, 45, 70, 1, 110, NULL),
(1763, 45, 10, 1, 116, NULL),
(1764, 45, 83, 0, 117, NULL),
(1765, 45, 102, 0, 120, NULL),
(1766, 45, 77, 1, 121, NULL),
(1767, 45, 64, 0, 122, NULL),
(1768, 45, 94, 0, 126, NULL),
(1769, 45, 80, 0, 128, NULL),
(1770, 45, 107, 0, 132, NULL),
(1771, 45, 108, 0, 133, NULL),
(1772, 45, 109, 0, 134, NULL),
(1773, 45, 8, 1, 135, NULL),
(1774, 23, 8, 1, 135, NULL),
(1775, 24, 8, 1, 135, NULL),
(1776, 25, 8, 1, 135, NULL),
(1777, 26, 8, 1, 135, NULL),
(1778, 34, 8, 1, 135, NULL),
(1779, 27, 8, 1, 135, NULL),
(1780, 29, 8, 1, 135, NULL),
(1781, 28, 8, 1, 135, NULL),
(1782, 23, 109, 0, 134, NULL),
(1783, 24, 109, 0, 134, NULL),
(1784, 25, 109, 0, 134, NULL),
(1785, 26, 109, 0, 134, NULL),
(1786, 27, 109, 0, 134, NULL),
(1787, 28, 109, 0, 134, NULL),
(1788, 29, 109, 0, 134, NULL),
(1789, 34, 109, 0, 134, NULL),
(1790, 14, 107, 0, 131, NULL),
(1791, 16, 110, 0, 136, NULL),
(1792, 10, 110, 0, 136, NULL),
(1793, 17, 110, 0, 136, NULL),
(1794, 15, 110, 0, 136, NULL),
(1795, 13, 110, 0, 136, NULL),
(1796, 14, 110, 0, 136, NULL),
(1797, 43, 110, 0, 136, NULL),
(1798, 44, 110, 0, 136, NULL),
(1800, 11, 110, 0, 136, NULL),
(1801, 12, 110, 0, 136, NULL),
(1802, 37, 110, 0, 136, NULL),
(1803, 38, 110, 0, 136, NULL),
(1804, 18, 110, 0, 136, NULL),
(1805, 36, 110, 0, 136, NULL),
(1806, 45, 111, 1, 137, NULL),
(1807, 23, 111, 1, 137, NULL),
(1808, 24, 111, 1, 137, NULL),
(1809, 25, 111, 1, 137, NULL),
(1810, 26, 111, 1, 137, NULL),
(1811, 34, 111, 1, 137, NULL),
(1812, 27, 111, 1, 137, NULL),
(1813, 29, 111, 1, 137, NULL),
(1814, 28, 111, 1, 137, NULL),
(1815, 16, 112, 1, 138, NULL),
(1816, 10, 112, 1, 138, NULL),
(1817, 17, 112, 1, 138, NULL),
(1818, 15, 112, 1, 138, NULL),
(1819, 13, 112, 1, 138, NULL),
(1820, 14, 112, 1, 138, NULL),
(1821, 43, 112, 1, 138, NULL),
(1822, 44, 112, 1, 138, NULL),
(1823, 42, 112, 0, 138, NULL),
(1824, 11, 112, 1, 138, NULL),
(1825, 12, 112, 1, 138, NULL),
(1826, 37, 112, 1, 138, NULL),
(1827, 38, 112, 1, 138, NULL),
(1828, 18, 112, 1, 138, NULL),
(1829, 36, 112, 1, 138, NULL),
(1830, 45, 112, 1, 139, NULL),
(1831, 23, 112, 1, 139, NULL),
(1832, 24, 112, 1, 139, NULL),
(1833, 25, 112, 1, 139, NULL),
(1834, 26, 112, 1, 139, NULL),
(1835, 34, 112, 1, 139, NULL),
(1836, 27, 112, 1, 139, NULL),
(1837, 29, 112, 1, 139, NULL),
(1838, 28, 112, 1, 139, NULL),
(1839, 45, 113, 0, 141, NULL),
(1840, 23, 113, 0, 141, NULL),
(1841, 24, 113, 0, 141, NULL),
(1842, 25, 113, 0, 141, NULL),
(1843, 26, 113, 0, 141, NULL),
(1844, 34, 113, 0, 141, NULL),
(1845, 27, 113, 0, 141, NULL),
(1846, 29, 113, 0, 141, NULL),
(1847, 28, 113, 0, 141, NULL),
(1848, 16, 113, 0, 140, NULL),
(1849, 10, 113, 0, 140, NULL),
(1850, 17, 113, 0, 140, NULL),
(1851, 15, 113, 0, 140, NULL),
(1853, 14, 113, 0, 140, NULL),
(1854, 43, 113, 0, 140, NULL),
(1855, 44, 113, 0, 140, NULL),
(1857, 11, 113, 0, 140, NULL),
(1858, 12, 113, 0, 140, NULL),
(1859, 37, 113, 0, 140, NULL),
(1860, 38, 113, 0, 140, NULL),
(1862, 36, 113, 0, 140, NULL),
(1863, 23, 108, 0, 133, NULL),
(1864, 24, 108, 0, 133, NULL),
(1865, 25, 108, 0, 133, NULL),
(1866, 26, 108, 0, 133, NULL),
(1867, 27, 108, 0, 133, NULL),
(1868, 28, 108, 0, 133, NULL),
(1869, 29, 108, 0, 133, NULL),
(1870, 34, 108, 0, 133, NULL),
(1871, 16, 114, 0, 142, NULL),
(1872, 10, 114, 0, 142, NULL),
(1873, 17, 114, 0, 142, NULL),
(1874, 15, 114, 0, 142, NULL),
(1875, 13, 114, 0, 142, NULL),
(1876, 14, 114, 0, 142, NULL),
(1877, 43, 114, 0, 142, NULL),
(1878, 44, 114, 0, 142, NULL),
(1880, 11, 114, 0, 142, NULL),
(1881, 12, 114, 0, 142, NULL),
(1882, 37, 114, 0, 142, NULL),
(1883, 38, 114, 0, 142, NULL),
(1884, 18, 114, 0, 142, NULL),
(1885, 36, 114, 0, 142, NULL),
(1895, 45, 115, 1, 145, NULL),
(1896, 23, 115, 1, 145, NULL),
(1897, 24, 115, 1, 145, NULL),
(1898, 25, 115, 1, 145, NULL),
(1899, 26, 115, 1, 145, NULL),
(1900, 34, 115, 1, 145, NULL),
(1901, 27, 115, 1, 145, NULL),
(1902, 29, 115, 1, 145, NULL),
(1903, 28, 115, 1, 145, NULL),
(1904, 16, 116, 0, 147, NULL),
(1905, 10, 116, 0, 147, NULL),
(1906, 17, 116, 0, 147, NULL),
(1907, 15, 116, 0, 147, NULL),
(1908, 13, 116, 0, 147, NULL),
(1909, 14, 116, 0, 147, NULL),
(1910, 43, 116, 0, 147, NULL),
(1911, 44, 116, 0, 147, NULL),
(1913, 11, 116, 0, 147, NULL),
(1914, 12, 116, 0, 147, NULL),
(1915, 37, 116, 0, 147, NULL),
(1916, 38, 116, 0, 147, NULL),
(1917, 18, 116, 0, 147, NULL),
(1918, 36, 116, 0, 147, NULL),
(1919, 16, 117, 0, 148, NULL),
(1920, 10, 117, 0, 148, NULL),
(1921, 17, 117, 0, 148, NULL),
(1922, 15, 117, 0, 148, NULL),
(1924, 14, 117, 0, 148, NULL),
(1925, 43, 117, 0, 148, NULL),
(1926, 44, 117, 0, 148, NULL),
(1928, 11, 117, 0, 148, NULL),
(1929, 12, 117, 0, 148, NULL),
(1930, 37, 117, 0, 148, NULL),
(1931, 38, 117, 0, 148, NULL),
(1933, 36, 117, 0, 148, NULL),
(1934, 45, 117, 0, 149, NULL),
(1935, 23, 117, 0, 149, NULL),
(1936, 24, 117, 0, 149, NULL),
(1937, 25, 117, 0, 149, NULL),
(1938, 26, 117, 0, 149, NULL),
(1939, 34, 117, 0, 149, NULL),
(1940, 27, 117, 0, 149, NULL),
(1941, 29, 117, 0, 149, NULL),
(1942, 28, 117, 0, 149, NULL),
(1943, 16, 118, 0, 150, NULL),
(1944, 10, 118, 0, 150, NULL),
(1945, 17, 118, 0, 150, NULL),
(1946, 15, 118, 0, 150, NULL),
(1947, 13, 118, 0, 150, NULL),
(1948, 14, 118, 0, 150, NULL),
(1949, 43, 118, 0, 150, NULL),
(1950, 44, 118, 0, 150, NULL),
(1952, 11, 118, 0, 150, NULL),
(1953, 12, 118, 0, 150, NULL),
(1954, 37, 118, 0, 150, NULL),
(1955, 38, 118, 0, 150, NULL),
(1957, 36, 118, 0, 150, NULL),
(1958, 45, 119, 0, 151, NULL),
(1959, 23, 119, 0, 151, NULL),
(1960, 24, 119, 0, 151, NULL),
(1961, 25, 119, 0, 151, NULL),
(1962, 26, 119, 0, 151, NULL),
(1963, 34, 119, 0, 151, NULL),
(1964, 27, 119, 0, 151, NULL),
(1965, 29, 119, 0, 151, NULL),
(1966, 28, 119, 0, 151, NULL),
(1967, 45, 120, 1, 153, NULL),
(1968, 23, 120, 1, 153, NULL),
(1969, 24, 120, 1, 153, NULL),
(1970, 25, 120, 1, 153, NULL),
(1971, 26, 120, 1, 153, NULL),
(1972, 34, 120, 1, 153, NULL),
(1973, 27, 120, 1, 153, NULL),
(1974, 29, 120, 1, 153, NULL),
(1975, 28, 120, 1, 153, NULL),
(1976, 16, 120, 0, 152, NULL),
(1977, 10, 120, 0, 152, NULL),
(1978, 17, 120, 0, 152, NULL),
(1979, 15, 120, 0, 152, NULL),
(1980, 13, 120, 0, 152, NULL),
(1981, 14, 120, 0, 152, NULL),
(1982, 43, 120, 0, 152, NULL),
(1983, 44, 120, 0, 152, NULL),
(1984, 42, 120, 0, 152, NULL),
(1985, 11, 120, 0, 152, NULL),
(1986, 12, 120, 0, 152, NULL),
(1987, 37, 120, 0, 152, NULL),
(1988, 38, 120, 0, 152, NULL),
(1989, 18, 120, 0, 152, NULL),
(1990, 36, 120, 1, 152, NULL),
(1991, 45, 74, 1, 154, NULL),
(1992, 23, 74, 1, 154, NULL),
(1993, 24, 74, 1, 154, NULL),
(1994, 25, 74, 1, 154, NULL),
(1995, 26, 74, 1, 154, NULL),
(1996, 34, 74, 1, 154, NULL),
(1997, 27, 74, 1, 154, NULL),
(1998, 29, 74, 1, 154, NULL),
(1999, 28, 74, 1, 154, NULL),
(2000, 16, 121, 0, 155, NULL),
(2001, 10, 121, 0, 155, NULL),
(2002, 17, 121, 0, 155, NULL),
(2003, 15, 121, 0, 155, NULL),
(2004, 13, 121, 0, 155, NULL),
(2005, 14, 121, 0, 155, NULL),
(2006, 43, 121, 0, 155, NULL),
(2007, 44, 121, 0, 155, NULL),
(2008, 42, 121, 0, 155, NULL),
(2009, 11, 121, 0, 155, NULL),
(2010, 12, 121, 0, 155, NULL),
(2011, 37, 121, 0, 155, NULL),
(2012, 38, 121, 0, 155, NULL),
(2013, 18, 121, 0, 155, NULL),
(2014, 36, 121, 1, 155, NULL),
(2015, 45, 121, 0, 156, NULL),
(2016, 23, 121, 0, 156, NULL),
(2017, 24, 121, 0, 156, NULL),
(2018, 25, 121, 0, 156, NULL),
(2019, 26, 121, 0, 156, NULL),
(2020, 34, 121, 0, 156, NULL),
(2021, 27, 121, 0, 156, NULL),
(2022, 29, 121, 1, 156, NULL),
(2023, 28, 121, 1, 156, NULL),
(2024, 45, 66, 1, 157, NULL),
(2025, 23, 66, 1, 157, NULL),
(2026, 24, 66, 1, 157, NULL),
(2027, 25, 66, 1, 157, NULL),
(2028, 26, 66, 1, 157, NULL),
(2029, 34, 66, 1, 157, NULL),
(2030, 27, 66, 1, 157, NULL),
(2031, 29, 66, 1, 157, NULL),
(2032, 28, 66, 1, 157, NULL),
(2033, 16, 123, 1, 159, NULL),
(2034, 10, 123, 1, 159, NULL),
(2035, 17, 123, 1, 159, NULL),
(2036, 15, 123, 1, 159, NULL),
(2037, 13, 123, 1, 159, NULL),
(2038, 14, 123, 1, 159, NULL),
(2039, 43, 123, 1, 159, NULL),
(2040, 44, 123, 1, 159, NULL),
(2041, 42, 123, 1, 159, NULL),
(2042, 11, 123, 1, 159, NULL),
(2043, 12, 123, 1, 159, NULL),
(2044, 37, 123, 1, 159, NULL),
(2045, 38, 123, 1, 159, NULL),
(2046, 18, 123, 1, 159, NULL),
(2047, 36, 123, 1, 159, NULL),
(2048, 16, 124, 0, 160, NULL),
(2049, 10, 124, 0, 160, NULL),
(2050, 17, 124, 0, 160, NULL),
(2051, 15, 124, 0, 160, NULL),
(2052, 13, 124, 0, 160, NULL),
(2053, 14, 124, 0, 160, NULL),
(2054, 43, 124, 0, 160, NULL),
(2055, 44, 124, 0, 160, NULL),
(2057, 11, 124, 0, 160, NULL),
(2058, 12, 124, 0, 160, NULL),
(2059, 37, 124, 0, 160, NULL),
(2060, 38, 124, 0, 160, NULL),
(2061, 18, 124, 0, 160, NULL),
(2062, 36, 124, 0, 160, NULL),
(2063, 45, 125, 0, 161, NULL),
(2064, 23, 125, 0, 161, NULL),
(2065, 24, 125, 0, 161, NULL),
(2066, 25, 125, 0, 161, NULL),
(2067, 26, 125, 0, 161, NULL),
(2068, 34, 125, 0, 161, NULL),
(2069, 27, 125, 0, 161, NULL),
(2070, 29, 125, 0, 161, NULL),
(2071, 28, 125, 0, 161, NULL),
(2072, 16, 130, 0, 166, NULL),
(2073, 10, 130, 0, 166, NULL),
(2074, 17, 130, 0, 166, NULL),
(2075, 15, 130, 0, 166, NULL),
(2076, 13, 130, 0, 166, NULL),
(2077, 14, 130, 0, 166, NULL),
(2078, 43, 130, 0, 166, NULL),
(2079, 44, 130, 0, 166, NULL),
(2081, 11, 130, 0, 166, NULL),
(2082, 12, 130, 0, 166, NULL),
(2083, 37, 130, 0, 166, NULL),
(2084, 38, 130, 0, 166, NULL),
(2085, 18, 130, 0, 166, NULL),
(2086, 36, 130, 0, 166, NULL),
(2096, 16, 127, 1, 163, NULL),
(2097, 10, 127, 1, 163, NULL),
(2098, 17, 127, 1, 163, NULL),
(2099, 15, 127, 1, 163, NULL),
(2100, 13, 127, 1, 163, NULL),
(2101, 14, 127, 1, 163, NULL),
(2102, 43, 127, 1, 163, NULL),
(2103, 44, 127, 1, 163, NULL),
(2104, 42, 127, 0, 163, NULL),
(2105, 11, 127, 1, 163, NULL),
(2106, 12, 127, 1, 163, NULL),
(2107, 37, 127, 1, 163, NULL),
(2108, 38, 127, 1, 163, NULL),
(2109, 18, 127, 1, 163, NULL),
(2110, 36, 127, 1, 163, NULL),
(2111, 45, 126, 1, 162, NULL),
(2112, 23, 126, 1, 162, NULL),
(2113, 24, 126, 1, 162, NULL),
(2114, 25, 126, 1, 162, NULL),
(2115, 26, 126, 1, 162, NULL),
(2116, 34, 126, 1, 162, NULL),
(2117, 27, 126, 1, 162, NULL),
(2118, 29, 126, 1, 162, NULL),
(2119, 28, 126, 1, 162, NULL),
(2120, 16, 109, 0, 170, NULL),
(2121, 10, 109, 0, 170, NULL),
(2122, 17, 109, 0, 170, NULL),
(2123, 15, 109, 0, 170, NULL),
(2125, 14, 109, 0, 170, NULL),
(2126, 43, 109, 0, 170, NULL),
(2127, 44, 109, 0, 170, NULL),
(2129, 11, 109, 0, 170, NULL),
(2130, 12, 109, 0, 170, NULL),
(2131, 37, 109, 0, 170, NULL),
(2132, 38, 109, 0, 170, NULL),
(2134, 36, 109, 0, 170, NULL),
(2135, 45, 60, 0, 171, NULL),
(2136, 23, 60, 0, 171, NULL),
(2137, 24, 60, 0, 171, NULL),
(2138, 25, 60, 0, 171, NULL),
(2139, 26, 60, 0, 171, NULL),
(2140, 34, 60, 0, 171, NULL),
(2141, 27, 60, 0, 171, NULL),
(2142, 29, 60, 0, 171, NULL),
(2143, 28, 60, 0, 171, NULL),
(2144, 45, 19, 1, 173, NULL),
(2145, 23, 19, 1, 173, NULL),
(2146, 24, 19, 1, 173, NULL),
(2147, 25, 19, 1, 173, NULL),
(2148, 26, 19, 1, 173, NULL),
(2149, 34, 19, 1, 173, NULL),
(2150, 27, 19, 1, 173, NULL),
(2151, 29, 19, 1, 173, NULL),
(2152, 28, 19, 1, 173, NULL),
(2178, 45, 133, 0, 175, NULL),
(2179, 23, 133, 0, 175, NULL),
(2180, 24, 133, 0, 175, NULL),
(2181, 25, 133, 0, 175, NULL),
(2182, 26, 133, 0, 175, NULL),
(2183, 34, 133, 0, 175, NULL),
(2184, 27, 133, 0, 175, NULL),
(2185, 29, 133, 0, 175, NULL),
(2186, 28, 133, 0, 175, NULL),
(2187, 16, 134, 1, 176, NULL),
(2188, 10, 134, 1, 176, NULL),
(2189, 17, 134, 1, 176, NULL),
(2190, 15, 134, 1, 176, NULL),
(2192, 14, 134, 1, 176, NULL),
(2193, 43, 134, 1, 176, NULL),
(2194, 44, 134, 1, 176, NULL),
(2196, 11, 134, 1, 176, NULL),
(2197, 12, 134, 1, 176, NULL),
(2198, 37, 134, 1, 176, NULL),
(2199, 38, 134, 1, 176, NULL),
(2201, 36, 134, 1, 176, NULL),
(2207, 16, 135, 0, 181, NULL),
(2208, 10, 135, 0, 181, NULL),
(2209, 17, 135, 0, 181, NULL),
(2210, 15, 135, 0, 181, NULL),
(2211, 13, 135, 0, 181, NULL),
(2212, 14, 135, 0, 181, NULL),
(2213, 43, 135, 0, 181, NULL),
(2214, 44, 135, 0, 181, NULL),
(2216, 11, 135, 0, 181, NULL),
(2217, 12, 135, 0, 181, NULL),
(2218, 37, 135, 0, 181, NULL),
(2219, 38, 135, 0, 181, NULL),
(2220, 18, 135, 0, 181, NULL),
(2221, 36, 135, 0, 181, NULL),
(2222, 45, 129, 1, 178, NULL),
(2223, 23, 129, 1, 178, NULL),
(2224, 24, 129, 1, 178, NULL),
(2225, 25, 129, 1, 178, NULL),
(2226, 26, 129, 1, 178, NULL),
(2227, 34, 129, 1, 178, NULL),
(2228, 27, 129, 1, 178, NULL),
(2229, 29, 129, 1, 178, NULL),
(2230, 28, 129, 1, 178, NULL),
(2231, 16, 129, 0, 182, NULL),
(2232, 10, 129, 0, 182, NULL),
(2233, 17, 129, 0, 182, NULL),
(2234, 15, 129, 0, 182, NULL),
(2235, 13, 129, 0, 182, NULL),
(2236, 14, 129, 0, 182, NULL),
(2237, 43, 129, 0, 182, NULL),
(2238, 44, 129, 0, 182, NULL),
(2239, 42, 129, 0, 182, NULL),
(2240, 11, 129, 0, 182, NULL),
(2241, 12, 129, 0, 182, NULL),
(2242, 37, 129, 0, 182, NULL),
(2243, 38, 129, 0, 182, NULL),
(2244, 18, 129, 0, 182, NULL),
(2245, 36, 129, 0, 182, NULL),
(2246, 16, 136, 1, 183, NULL),
(2247, 10, 136, 1, 183, NULL),
(2248, 17, 136, 1, 183, NULL),
(2249, 15, 136, 1, 183, NULL),
(2250, 13, 136, 1, 183, NULL),
(2251, 14, 136, 1, 183, NULL),
(2252, 43, 136, 1, 183, NULL),
(2253, 44, 136, 1, 183, NULL),
(2254, 42, 136, 0, 183, NULL),
(2255, 11, 136, 1, 183, NULL),
(2256, 12, 136, 1, 183, NULL),
(2257, 37, 136, 1, 183, NULL),
(2258, 38, 136, 1, 183, NULL),
(2259, 18, 136, 1, 183, NULL),
(2260, 36, 136, 1, 183, NULL),
(2261, 11, 88, 0, 86, NULL),
(2262, 12, 88, 0, 86, NULL),
(2263, 13, 88, 0, 86, NULL),
(2264, 14, 88, 0, 86, NULL),
(2265, 18, 88, 0, 86, NULL),
(2266, 36, 88, 0, 86, NULL),
(2267, 37, 88, 0, 86, NULL),
(2268, 38, 88, 0, 86, NULL),
(2270, 43, 88, 0, 86, NULL),
(2271, 44, 88, 0, 86, NULL),
(2272, 16, 128, 0, 177, NULL),
(2273, 10, 128, 0, 177, NULL),
(2274, 17, 128, 0, 177, NULL),
(2275, 15, 128, 0, 177, NULL),
(2276, 13, 128, 0, 177, NULL),
(2277, 14, 128, 0, 177, NULL),
(2278, 43, 128, 0, 177, NULL),
(2279, 44, 128, 0, 177, NULL),
(2281, 11, 128, 0, 177, NULL),
(2282, 12, 128, 0, 177, NULL),
(2283, 37, 128, 0, 177, NULL),
(2284, 38, 128, 0, 177, NULL),
(2285, 18, 128, 0, 177, NULL),
(2286, 36, 128, 0, 177, NULL),
(2287, 16, 111, 0, 184, NULL),
(2288, 10, 111, 0, 184, NULL),
(2289, 17, 111, 0, 184, NULL),
(2290, 15, 111, 0, 184, NULL),
(2291, 13, 111, 0, 184, NULL),
(2292, 14, 111, 0, 184, NULL),
(2293, 43, 111, 0, 184, NULL),
(2294, 44, 111, 0, 184, NULL),
(2295, 42, 111, 0, 184, NULL),
(2296, 11, 111, 0, 184, NULL),
(2297, 12, 111, 0, 184, NULL),
(2298, 37, 111, 0, 184, NULL),
(2299, 38, 111, 0, 184, NULL),
(2300, 18, 111, 0, 184, NULL),
(2301, 36, 111, 0, 184, NULL),
(2302, 45, 138, 1, 186, NULL),
(2303, 23, 138, 1, 186, NULL),
(2304, 24, 138, 1, 186, NULL),
(2305, 25, 138, 1, 186, NULL),
(2306, 26, 138, 1, 186, NULL),
(2307, 34, 138, 1, 186, NULL),
(2308, 27, 138, 1, 186, NULL),
(2309, 29, 138, 1, 186, NULL),
(2310, 28, 138, 1, 186, NULL),
(2311, 18, 107, 0, 131, NULL),
(2312, 18, 122, 0, 158, NULL),
(2313, 16, 139, 0, 187, NULL),
(2314, 10, 139, 0, 187, NULL),
(2315, 17, 139, 0, 187, NULL),
(2316, 15, 139, 0, 187, NULL),
(2318, 14, 139, 0, 187, NULL),
(2319, 43, 139, 0, 187, NULL),
(2320, 44, 139, 0, 187, NULL),
(2322, 11, 139, 0, 187, NULL),
(2323, 12, 139, 0, 187, NULL),
(2324, 37, 139, 0, 187, NULL),
(2325, 38, 139, 0, 187, NULL),
(2326, 18, 139, 0, 187, NULL),
(2327, 36, 139, 0, 187, NULL),
(2328, 16, 141, 1, 189, NULL),
(2329, 10, 141, 1, 189, NULL),
(2330, 17, 141, 1, 189, NULL),
(2331, 15, 141, 1, 189, NULL),
(2332, 13, 141, 1, 189, NULL),
(2333, 14, 141, 1, 189, NULL),
(2334, 43, 141, 1, 189, NULL),
(2335, 44, 141, 1, 189, NULL),
(2336, 42, 141, 0, 189, NULL),
(2337, 11, 141, 1, 189, NULL),
(2338, 12, 141, 1, 189, NULL),
(2339, 37, 141, 1, 189, NULL),
(2340, 38, 141, 1, 189, NULL),
(2341, 18, 141, 1, 189, NULL),
(2342, 36, 141, 1, 189, NULL),
(2343, 45, 137, 0, 185, NULL),
(2344, 23, 137, 0, 185, NULL),
(2345, 24, 137, 0, 185, NULL),
(2346, 25, 137, 0, 185, NULL),
(2347, 26, 137, 0, 185, NULL),
(2348, 34, 137, 0, 185, NULL),
(2349, 27, 137, 0, 185, NULL),
(2350, 29, 137, 0, 185, NULL),
(2351, 28, 137, 0, 185, NULL),
(2352, 45, 142, 0, 190, NULL),
(2353, 23, 142, 0, 190, NULL),
(2354, 24, 142, 0, 190, NULL),
(2355, 25, 142, 0, 190, NULL),
(2356, 26, 142, 0, 190, NULL),
(2357, 34, 142, 0, 190, NULL),
(2358, 27, 142, 0, 190, NULL),
(2359, 29, 142, 0, 190, NULL),
(2360, 28, 142, 0, 190, NULL),
(2361, 55, 1, 0, 1, NULL),
(2362, 55, 8, 0, 5, NULL),
(2363, 55, 10, 0, 7, NULL),
(2364, 55, 17, 0, 14, NULL),
(2365, 55, 19, 0, 16, NULL),
(2366, 55, 26, 0, 23, NULL),
(2367, 55, 30, 0, 27, NULL),
(2368, 55, 34, 0, 31, NULL),
(2369, 55, 45, 0, 42, NULL),
(2370, 55, 46, 0, 43, NULL),
(2371, 55, 49, 0, 46, NULL),
(2372, 55, 50, 0, 47, NULL),
(2373, 55, 51, 0, 48, NULL),
(2374, 55, 52, 0, 49, NULL),
(2375, 55, 55, 0, 52, NULL),
(2376, 55, 58, 0, 55, NULL),
(2377, 55, 63, 0, 60, NULL),
(2378, 55, 64, 0, 61, NULL),
(2379, 55, 66, 0, 63, NULL),
(2380, 55, 70, 0, 67, NULL),
(2381, 55, 73, 0, 70, NULL),
(2382, 55, 74, 0, 71, NULL),
(2383, 55, 75, 0, 72, NULL),
(2384, 55, 77, 0, 74, NULL),
(2385, 55, 78, 0, 75, NULL),
(2386, 55, 80, 0, 77, NULL),
(2387, 55, 81, 0, 78, NULL),
(2388, 55, 83, 0, 80, NULL),
(2389, 55, 86, 0, 83, NULL),
(2391, 55, 92, 0, 94, NULL),
(2392, 55, 94, 0, 97, NULL),
(2393, 55, 96, 0, 106, NULL),
(2394, 55, 99, 0, 115, NULL),
(2395, 55, 101, 0, 119, NULL),
(2396, 55, 103, 0, 123, NULL),
(2398, 55, 107, 0, 131, NULL),
(2400, 55, 112, 0, 138, NULL),
(2401, 55, 114, 0, 142, NULL),
(2403, 55, 120, 0, 152, NULL),
(2404, 55, 121, 0, 155, NULL),
(2406, 55, 123, 0, 159, NULL),
(2407, 55, 124, 0, 160, NULL),
(2408, 55, 127, 0, 163, NULL),
(2409, 55, 130, 0, 166, NULL),
(2410, 55, 128, 0, 177, NULL),
(2411, 55, 135, 0, 181, NULL),
(2412, 55, 129, 0, 182, NULL),
(2413, 55, 136, 0, 183, NULL),
(2414, 55, 111, 0, 184, NULL),
(2415, 55, 141, 0, 189, NULL),
(2416, 18, 118, 0, 150, NULL),
(2418, 55, 143, 0, 191, NULL),
(2419, 13, 107, 0, 131, NULL),
(2420, 13, 122, 0, 158, NULL),
(2421, 13, 143, 0, 191, NULL),
(2422, 16, 144, 0, 192, NULL),
(2423, 10, 144, 0, 192, NULL),
(2424, 17, 144, 0, 192, NULL),
(2425, 15, 144, 0, 192, NULL),
(2426, 13, 144, 0, 192, NULL),
(2427, 14, 144, 0, 192, NULL),
(2428, 43, 144, 0, 192, NULL),
(2429, 44, 144, 0, 192, NULL),
(2430, 42, 144, 0, 192, NULL),
(2431, 11, 144, 0, 192, NULL),
(2432, 12, 144, 0, 192, NULL),
(2433, 37, 144, 0, 192, NULL),
(2434, 38, 144, 0, 192, NULL),
(2435, 18, 144, 0, 192, NULL),
(2436, 55, 144, 0, 192, NULL),
(2437, 36, 144, 1, 192, NULL),
(2438, 45, 140, 0, 188, NULL),
(2439, 23, 140, 0, 188, NULL),
(2440, 24, 140, 0, 188, NULL),
(2441, 25, 140, 0, 188, NULL),
(2442, 26, 140, 0, 188, NULL),
(2443, 34, 140, 0, 188, NULL),
(2444, 27, 140, 0, 188, NULL),
(2445, 29, 140, 0, 188, NULL),
(2446, 28, 140, 0, 188, NULL),
(2447, 10, 143, 0, 191, NULL),
(2448, 11, 143, 0, 191, NULL),
(2449, 12, 143, 0, 191, NULL),
(2450, 14, 143, 0, 191, NULL),
(2451, 15, 143, 0, 191, NULL),
(2452, 16, 143, 0, 191, NULL),
(2453, 17, 143, 0, 191, NULL),
(2454, 18, 143, 0, 191, NULL),
(2455, 36, 143, 0, 191, NULL),
(2456, 37, 143, 0, 191, NULL),
(2457, 38, 143, 0, 191, NULL),
(2459, 43, 143, 0, 191, NULL),
(2460, 44, 143, 0, 191, NULL),
(2461, 16, 146, 1, 196, NULL),
(2462, 10, 146, 1, 196, NULL),
(2463, 17, 146, 1, 196, NULL),
(2464, 15, 146, 1, 196, NULL),
(2465, 13, 146, 1, 196, NULL),
(2466, 14, 146, 1, 196, NULL),
(2467, 43, 146, 1, 196, NULL),
(2468, 44, 146, 1, 196, NULL),
(2469, 42, 146, 0, 196, NULL),
(2470, 11, 146, 1, 196, NULL),
(2471, 12, 146, 1, 196, NULL),
(2472, 37, 146, 1, 196, NULL),
(2473, 38, 146, 1, 196, NULL),
(2474, 18, 146, 1, 196, NULL),
(2475, 55, 146, 0, 196, NULL),
(2476, 36, 146, 1, 196, NULL),
(2477, 45, 146, 1, 195, NULL),
(2478, 23, 146, 1, 195, NULL),
(2479, 24, 146, 1, 195, NULL),
(2480, 25, 146, 1, 195, NULL),
(2481, 26, 146, 1, 195, NULL),
(2482, 34, 146, 1, 195, NULL),
(2483, 27, 146, 1, 195, NULL),
(2484, 29, 146, 1, 195, NULL),
(2485, 28, 146, 1, 195, NULL),
(2486, 45, 145, 1, 193, NULL),
(2487, 23, 145, 1, 193, NULL),
(2488, 24, 145, 1, 193, NULL),
(2489, 25, 145, 1, 193, NULL),
(2490, 26, 145, 1, 193, NULL),
(2491, 34, 145, 1, 193, NULL),
(2492, 27, 145, 1, 193, NULL),
(2493, 29, 145, 1, 193, NULL),
(2494, 28, 145, 1, 193, NULL),
(2495, 16, 147, 0, 197, NULL),
(2496, 10, 147, 0, 197, NULL),
(2497, 17, 147, 0, 197, NULL),
(2498, 15, 147, 0, 197, NULL),
(2499, 13, 147, 0, 197, NULL),
(2500, 14, 147, 0, 197, NULL),
(2501, 43, 147, 0, 197, NULL),
(2502, 44, 147, 0, 197, NULL),
(2504, 11, 147, 0, 197, NULL),
(2505, 12, 147, 0, 197, NULL),
(2506, 37, 147, 0, 197, NULL),
(2507, 38, 147, 0, 197, NULL),
(2508, 18, 147, 0, 197, NULL),
(2510, 36, 147, 0, 197, NULL),
(2511, 42, 107, 0, 131, NULL),
(2512, 45, 144, 0, 198, NULL),
(2513, 23, 144, 0, 198, NULL),
(2514, 24, 144, 0, 198, NULL),
(2515, 25, 144, 0, 198, NULL),
(2516, 26, 144, 0, 198, NULL),
(2517, 34, 144, 0, 198, NULL),
(2518, 27, 144, 0, 198, NULL),
(2519, 29, 144, 1, 198, NULL),
(2520, 28, 144, 1, 198, NULL),
(2521, 45, 34, 0, 199, NULL),
(2522, 23, 34, 0, 199, NULL),
(2523, 24, 34, 0, 199, NULL),
(2524, 25, 34, 0, 199, NULL),
(2525, 26, 34, 0, 199, NULL),
(2526, 34, 34, 0, 199, NULL),
(2527, 27, 34, 0, 199, NULL),
(2528, 29, 34, 0, 199, NULL),
(2529, 28, 34, 0, 199, NULL),
(2530, 16, 148, 0, 200, NULL),
(2531, 10, 148, 0, 200, NULL),
(2532, 17, 148, 0, 200, NULL),
(2533, 15, 148, 0, 200, NULL),
(2534, 13, 148, 0, 200, NULL),
(2535, 14, 148, 0, 200, NULL),
(2536, 43, 148, 0, 200, NULL),
(2537, 44, 148, 0, 200, NULL),
(2538, 42, 148, 0, 200, NULL),
(2539, 11, 148, 0, 200, NULL),
(2540, 12, 148, 0, 200, NULL),
(2541, 37, 148, 0, 200, NULL),
(2542, 38, 148, 0, 200, NULL),
(2543, 18, 148, 0, 200, NULL),
(2544, 55, 148, 0, 200, NULL),
(2545, 36, 148, 1, 200, NULL),
(2546, 16, 149, 1, 201, NULL),
(2547, 10, 149, 1, 201, NULL),
(2548, 17, 149, 1, 201, NULL),
(2549, 15, 149, 1, 201, NULL),
(2550, 13, 149, 1, 201, NULL),
(2551, 14, 149, 1, 201, NULL),
(2552, 43, 149, 1, 201, NULL),
(2553, 44, 149, 1, 201, NULL),
(2554, 42, 149, 0, 201, NULL),
(2555, 11, 149, 1, 201, NULL),
(2556, 12, 149, 1, 201, NULL),
(2557, 37, 149, 1, 201, NULL),
(2558, 38, 149, 1, 201, NULL),
(2559, 18, 149, 1, 201, NULL),
(2560, 55, 149, 0, 201, NULL),
(2561, 36, 149, 1, 201, NULL),
(2562, 45, 150, 0, 202, NULL),
(2563, 23, 150, 0, 202, NULL),
(2564, 24, 150, 0, 202, NULL),
(2565, 25, 150, 0, 202, NULL),
(2566, 26, 150, 0, 202, NULL),
(2567, 34, 150, 0, 202, NULL),
(2568, 27, 150, 0, 202, NULL),
(2569, 29, 150, 0, 202, NULL),
(2570, 28, 150, 0, 202, NULL),
(2571, 16, 151, 0, 203, NULL),
(2572, 10, 151, 0, 203, NULL),
(2573, 17, 151, 0, 203, NULL),
(2574, 15, 151, 0, 203, NULL),
(2575, 13, 151, 0, 203, NULL),
(2576, 14, 151, 0, 203, NULL),
(2577, 43, 151, 0, 203, NULL),
(2578, 44, 151, 0, 203, NULL),
(2580, 11, 151, 0, 203, NULL),
(2581, 12, 151, 0, 203, NULL),
(2582, 37, 151, 0, 203, NULL),
(2583, 38, 151, 0, 203, NULL),
(2584, 18, 151, 0, 203, NULL),
(2585, 55, 151, 0, 203, NULL),
(2586, 36, 151, 0, 203, NULL),
(2587, 45, 152, 1, 204, NULL),
(2588, 23, 152, 1, 204, NULL),
(2589, 24, 152, 1, 204, NULL),
(2590, 25, 152, 1, 204, NULL),
(2591, 26, 152, 1, 204, NULL),
(2592, 34, 152, 1, 204, NULL),
(2593, 27, 152, 1, 204, NULL),
(2594, 29, 152, 1, 204, NULL),
(2595, 28, 152, 1, 204, NULL),
(2596, 45, 153, 1, 205, NULL),
(2597, 23, 153, 1, 205, NULL),
(2598, 24, 153, 1, 205, NULL),
(2599, 25, 153, 1, 205, NULL),
(2600, 26, 153, 1, 205, NULL),
(2601, 34, 153, 1, 205, NULL),
(2602, 27, 153, 1, 205, NULL),
(2603, 29, 153, 1, 205, NULL),
(2604, 28, 153, 1, 205, NULL),
(2605, 45, 155, 0, 208, NULL),
(2606, 23, 155, 0, 208, NULL),
(2607, 24, 155, 0, 208, NULL),
(2608, 25, 155, 0, 208, NULL),
(2609, 26, 155, 0, 208, NULL),
(2610, 34, 155, 0, 208, NULL),
(2611, 27, 155, 0, 208, NULL),
(2612, 29, 155, 0, 208, NULL),
(2613, 28, 155, 0, 208, NULL),
(2614, 45, 156, 0, 209, NULL),
(2615, 23, 156, 0, 209, NULL),
(2616, 24, 156, 0, 209, NULL),
(2617, 25, 156, 0, 209, NULL),
(2618, 26, 156, 0, 209, NULL),
(2619, 34, 156, 0, 209, NULL),
(2620, 27, 156, 0, 209, NULL),
(2621, 29, 156, 0, 209, NULL),
(2622, 28, 156, 0, 209, NULL),
(2639, 45, 158, 0, 211, NULL),
(2640, 23, 158, 0, 211, NULL),
(2641, 24, 158, 0, 211, NULL),
(2642, 25, 158, 0, 211, NULL),
(2643, 26, 158, 0, 211, NULL),
(2644, 34, 158, 0, 211, NULL),
(2645, 27, 158, 0, 211, NULL),
(2646, 29, 158, 0, 211, NULL),
(2647, 28, 158, 0, 211, NULL),
(2648, 16, 160, 0, 216, NULL),
(2649, 10, 160, 0, 216, NULL),
(2650, 17, 160, 0, 216, NULL),
(2651, 15, 160, 0, 216, NULL),
(2652, 13, 160, 0, 216, NULL),
(2653, 14, 160, 0, 216, NULL),
(2654, 43, 160, 0, 216, NULL),
(2655, 44, 160, 0, 216, NULL),
(2657, 11, 160, 0, 216, NULL),
(2658, 12, 160, 0, 216, NULL),
(2659, 37, 160, 0, 216, NULL),
(2660, 38, 160, 0, 216, NULL),
(2661, 18, 160, 0, 216, NULL),
(2662, 55, 160, 0, 216, NULL),
(2663, 36, 160, 0, 216, NULL),
(2664, 45, 160, 0, 217, NULL),
(2665, 23, 160, 0, 217, NULL),
(2666, 24, 160, 0, 217, NULL),
(2667, 25, 160, 0, 217, NULL),
(2668, 26, 160, 0, 217, NULL),
(2669, 34, 160, 0, 217, NULL),
(2670, 27, 160, 0, 217, NULL),
(2671, 29, 160, 0, 217, NULL),
(2672, 28, 160, 0, 217, NULL),
(2673, 45, 161, 1, 219, NULL),
(2674, 23, 161, 1, 219, NULL),
(2675, 24, 161, 1, 219, NULL),
(2676, 25, 161, 1, 219, NULL),
(2677, 26, 161, 1, 219, NULL),
(2678, 34, 161, 1, 219, NULL),
(2679, 27, 161, 1, 219, NULL),
(2680, 29, 161, 1, 219, NULL),
(2681, 28, 161, 1, 219, NULL),
(2682, 16, 161, 1, 220, NULL),
(2683, 10, 161, 1, 220, NULL),
(2684, 17, 161, 1, 220, NULL),
(2685, 15, 161, 1, 220, NULL),
(2686, 13, 161, 1, 220, NULL),
(2687, 14, 161, 1, 220, NULL),
(2688, 43, 161, 1, 220, NULL),
(2689, 44, 161, 1, 220, NULL),
(2690, 42, 161, 0, 220, NULL),
(2691, 11, 161, 0, 220, NULL),
(2692, 12, 161, 0, 220, NULL),
(2693, 37, 161, 0, 220, NULL),
(2694, 38, 161, 0, 220, NULL),
(2695, 18, 161, 1, 220, NULL),
(2696, 55, 161, 0, 220, NULL),
(2697, 36, 161, 1, 220, NULL),
(2698, 13, 134, 1, 176, NULL),
(2699, 18, 134, 1, 176, NULL),
(2700, 42, 134, 0, 176, NULL),
(2701, 55, 134, 0, 176, NULL),
(2702, 16, 163, 1, 223, NULL),
(2703, 10, 163, 1, 223, NULL),
(2704, 17, 163, 1, 223, NULL),
(2705, 15, 163, 1, 223, NULL),
(2706, 13, 163, 1, 223, NULL),
(2707, 14, 163, 1, 223, NULL),
(2708, 43, 163, 1, 223, NULL);
INSERT INTO `appliances_tenants` (`id`, `appliance_id`, `user_id`, `active`, `tenant_id`, `lockstate_id`) VALUES
(2709, 44, 163, 1, 223, NULL),
(2710, 42, 163, 0, 223, NULL),
(2711, 11, 163, 1, 223, NULL),
(2712, 12, 163, 1, 223, NULL),
(2713, 37, 163, 1, 223, NULL),
(2714, 38, 163, 1, 223, NULL),
(2715, 18, 163, 1, 223, NULL),
(2716, 55, 163, 0, 223, NULL),
(2717, 36, 163, 1, 223, NULL),
(2718, 45, 163, 0, 222, NULL),
(2719, 23, 163, 0, 222, NULL),
(2720, 24, 163, 0, 222, NULL),
(2721, 25, 163, 0, 222, NULL),
(2722, 26, 163, 0, 222, NULL),
(2723, 34, 163, 0, 222, NULL),
(2724, 27, 163, 0, 222, NULL),
(2725, 29, 163, 0, 222, NULL),
(2726, 28, 163, 0, 222, NULL),
(2727, 45, 165, 1, 225, NULL),
(2728, 23, 165, 1, 225, NULL),
(2729, 24, 165, 1, 225, NULL),
(2730, 25, 165, 1, 225, NULL),
(2731, 26, 165, 1, 225, NULL),
(2732, 34, 165, 1, 225, NULL),
(2733, 27, 165, 1, 225, NULL),
(2734, 29, 165, 1, 225, NULL),
(2735, 28, 165, 1, 225, NULL),
(2736, 16, 164, 1, 224, NULL),
(2737, 10, 164, 1, 224, NULL),
(2738, 17, 164, 1, 224, NULL),
(2739, 15, 164, 1, 224, NULL),
(2740, 13, 164, 1, 224, NULL),
(2741, 14, 164, 1, 224, NULL),
(2742, 43, 164, 1, 224, NULL),
(2743, 44, 164, 1, 224, NULL),
(2744, 42, 164, 0, 224, NULL),
(2745, 11, 164, 1, 224, NULL),
(2746, 12, 164, 1, 224, NULL),
(2747, 37, 164, 1, 224, NULL),
(2748, 38, 164, 1, 224, NULL),
(2749, 18, 164, 1, 224, NULL),
(2750, 55, 164, 0, 224, NULL),
(2751, 36, 164, 1, 224, NULL),
(2768, 45, 123, 0, 227, NULL),
(2769, 23, 123, 0, 227, NULL),
(2770, 24, 123, 0, 227, NULL),
(2771, 25, 123, 0, 227, NULL),
(2772, 26, 123, 0, 227, NULL),
(2773, 34, 123, 0, 227, NULL),
(2774, 27, 123, 0, 227, NULL),
(2775, 29, 123, 1, 227, NULL),
(2776, 28, 123, 0, 227, NULL),
(2777, 16, 166, 1, 228, NULL),
(2778, 10, 166, 1, 228, NULL),
(2779, 17, 166, 1, 228, NULL),
(2780, 15, 166, 1, 228, NULL),
(2781, 13, 166, 1, 228, NULL),
(2782, 14, 166, 1, 228, NULL),
(2783, 43, 166, 1, 228, NULL),
(2784, 44, 166, 1, 228, NULL),
(2785, 42, 166, 0, 228, NULL),
(2786, 11, 166, 1, 228, NULL),
(2787, 12, 166, 1, 228, NULL),
(2788, 37, 166, 1, 228, NULL),
(2789, 38, 166, 1, 228, NULL),
(2790, 18, 166, 1, 228, NULL),
(2791, 55, 166, 0, 228, NULL),
(2792, 36, 166, 1, 228, NULL),
(2793, 16, 137, 0, 229, NULL),
(2794, 10, 137, 0, 229, NULL),
(2795, 17, 137, 0, 229, NULL),
(2796, 15, 137, 0, 229, NULL),
(2797, 13, 137, 0, 229, NULL),
(2798, 14, 137, 0, 229, NULL),
(2799, 43, 137, 0, 229, NULL),
(2800, 44, 137, 0, 229, NULL),
(2801, 42, 137, 0, 229, NULL),
(2802, 11, 137, 0, 229, NULL),
(2803, 12, 137, 0, 229, NULL),
(2804, 37, 137, 0, 229, NULL),
(2805, 38, 137, 0, 229, NULL),
(2806, 18, 137, 0, 229, NULL),
(2807, 55, 137, 0, 229, NULL),
(2808, 36, 137, 0, 229, NULL),
(2809, 10, 107, 0, 131, NULL),
(2810, 11, 107, 0, 131, NULL),
(2811, 12, 107, 0, 131, NULL),
(2812, 15, 107, 0, 131, NULL),
(2813, 16, 107, 0, 131, NULL),
(2814, 17, 107, 0, 131, NULL),
(2815, 36, 107, 1, 131, NULL),
(2816, 37, 107, 0, 131, NULL),
(2817, 38, 107, 0, 131, NULL),
(2818, 43, 107, 0, 131, NULL),
(2819, 44, 107, 0, 131, NULL),
(2820, 23, 107, 0, 132, NULL),
(2821, 24, 107, 0, 132, NULL),
(2822, 25, 107, 0, 132, NULL),
(2823, 26, 107, 0, 132, NULL),
(2824, 27, 107, 0, 132, NULL),
(2825, 28, 107, 1, 132, NULL),
(2826, 29, 107, 1, 132, NULL),
(2827, 34, 107, 0, 132, NULL),
(2828, 56, 162, 1, 230, NULL),
(2829, 56, 167, 1, 231, NULL),
(2830, 57, 162, 1, 230, NULL),
(2831, 57, 167, 1, 231, NULL),
(2832, 58, 162, 0, 230, NULL),
(2833, 58, 167, 0, 231, NULL),
(2834, 59, 162, 0, 230, NULL),
(2835, 59, 167, 0, 231, NULL),
(2836, 60, 162, 0, 230, NULL),
(2837, 60, 167, 0, 231, NULL),
(2838, 16, 168, 0, 232, NULL),
(2839, 10, 168, 0, 232, NULL),
(2840, 17, 168, 0, 232, NULL),
(2841, 15, 168, 0, 232, NULL),
(2842, 13, 168, 0, 232, NULL),
(2843, 14, 168, 0, 232, NULL),
(2844, 43, 168, 0, 232, NULL),
(2845, 44, 168, 0, 232, NULL),
(2847, 11, 168, 0, 232, NULL),
(2848, 12, 168, 0, 232, NULL),
(2849, 37, 168, 0, 232, NULL),
(2850, 38, 168, 0, 232, NULL),
(2851, 18, 168, 0, 232, NULL),
(2852, 55, 168, 0, 232, NULL),
(2853, 36, 168, 0, 232, NULL),
(2854, 45, 168, 0, 233, NULL),
(2855, 23, 168, 0, 233, NULL),
(2856, 24, 168, 0, 233, NULL),
(2857, 25, 168, 0, 233, NULL),
(2858, 26, 168, 0, 233, NULL),
(2859, 34, 168, 0, 233, NULL),
(2860, 27, 168, 0, 233, NULL),
(2861, 29, 168, 0, 233, NULL),
(2862, 28, 168, 0, 233, NULL),
(2870, 56, 87, 1, 194, NULL),
(2871, 57, 87, 1, 194, NULL),
(2872, 60, 87, 0, 194, NULL),
(2873, 58, 87, 0, 194, NULL),
(2874, 59, 87, 1, 194, NULL),
(2875, 51, 137, 1, 234, NULL),
(2876, 52, 137, 1, 234, NULL),
(2877, 54, 137, 1, 234, NULL),
(2878, 53, 137, 1, 234, NULL),
(2879, 50, 137, 0, 234, NULL),
(2880, 56, 137, 1, 235, NULL),
(2881, 57, 137, 1, 235, NULL),
(2882, 60, 137, 1, 235, NULL),
(2883, 58, 137, 1, 235, NULL),
(2884, 59, 137, 0, 235, NULL),
(2895, 51, 50, 1, 239, NULL),
(2896, 52, 50, 1, 239, NULL),
(2897, 54, 50, 1, 239, NULL),
(2898, 53, 50, 1, 239, NULL),
(2899, 50, 50, 0, 239, NULL),
(2900, 56, 45, 1, 240, NULL),
(2901, 57, 45, 1, 240, NULL),
(2902, 60, 45, 1, 240, NULL),
(2903, 58, 45, 1, 240, NULL),
(2904, 59, 45, 1, 240, NULL),
(2905, 51, 45, 1, 241, NULL),
(2906, 52, 45, 1, 241, NULL),
(2907, 54, 45, 1, 241, NULL),
(2908, 53, 45, 1, 241, NULL),
(2909, 50, 45, 0, 241, NULL),
(2910, 56, 169, 1, 242, NULL),
(2911, 57, 169, 1, 242, NULL),
(2912, 60, 169, 1, 242, NULL),
(2913, 58, 169, 1, 242, NULL),
(2914, 59, 169, 1, 242, NULL),
(2915, 16, 169, 1, 243, NULL),
(2916, 10, 169, 1, 243, NULL),
(2917, 17, 169, 1, 243, NULL),
(2918, 15, 169, 1, 243, NULL),
(2919, 13, 169, 1, 243, NULL),
(2920, 14, 169, 1, 243, NULL),
(2921, 43, 169, 1, 243, NULL),
(2922, 44, 169, 1, 243, NULL),
(2923, 42, 169, 1, 243, NULL),
(2924, 11, 169, 1, 243, NULL),
(2925, 12, 169, 1, 243, NULL),
(2926, 37, 169, 1, 243, NULL),
(2927, 38, 169, 1, 243, NULL),
(2928, 18, 169, 1, 243, NULL),
(2929, 55, 169, 0, 243, NULL),
(2930, 36, 169, 1, 243, NULL),
(2931, 45, 169, 1, 244, NULL),
(2932, 23, 169, 1, 244, NULL),
(2933, 24, 169, 1, 244, NULL),
(2934, 25, 169, 1, 244, NULL),
(2935, 26, 169, 1, 244, NULL),
(2936, 34, 169, 1, 244, NULL),
(2937, 27, 169, 1, 244, NULL),
(2938, 29, 169, 1, 244, NULL),
(2939, 28, 169, 1, 244, NULL),
(2940, 51, 169, 1, 245, NULL),
(2941, 52, 169, 1, 245, NULL),
(2942, 54, 169, 1, 245, NULL),
(2943, 53, 169, 1, 245, NULL),
(2944, 50, 169, 0, 245, NULL),
(2950, 56, 170, 0, 246, NULL),
(2951, 57, 170, 0, 246, NULL),
(2952, 60, 170, 0, 246, NULL),
(2953, 58, 170, 0, 246, NULL),
(2954, 59, 170, 0, 246, NULL),
(2955, 59, 50, 1, 238, NULL),
(2956, 60, 50, 1, 238, NULL),
(2957, 56, 50, 1, 238, NULL),
(2958, 57, 50, 1, 238, NULL),
(2959, 58, 50, 1, 238, NULL),
(2960, 10, 101, 0, 119, NULL),
(2961, 15, 101, 0, 119, NULL),
(2962, 16, 101, 0, 119, NULL),
(2963, 17, 101, 0, 119, NULL),
(2964, 45, 101, 0, 248, NULL),
(2965, 23, 101, 0, 248, NULL),
(2966, 24, 101, 0, 248, NULL),
(2967, 25, 101, 0, 248, NULL),
(2968, 26, 101, 0, 248, NULL),
(2969, 34, 101, 0, 248, NULL),
(2970, 27, 101, 0, 248, NULL),
(2971, 29, 101, 0, 248, NULL),
(2972, 28, 101, 0, 248, NULL),
(2978, 61, 87, 1, 194, NULL),
(2979, 61, 162, 0, 230, NULL),
(2980, 61, 167, 0, 231, NULL),
(2981, 61, 137, 0, 235, NULL),
(2983, 61, 50, 1, 238, NULL),
(2984, 61, 45, 1, 240, NULL),
(2985, 61, 169, 1, 242, NULL),
(2988, 62, 87, 1, 194, NULL),
(2989, 62, 162, 0, 230, NULL),
(2990, 62, 167, 0, 231, NULL),
(2991, 62, 137, 0, 235, NULL),
(2993, 62, 50, 1, 238, NULL),
(2994, 62, 45, 1, 240, NULL),
(2995, 62, 169, 1, 242, NULL),
(2998, 62, 1, 1, 250, NULL),
(2999, 61, 1, 1, 250, NULL),
(3000, 63, 87, 1, 194, NULL),
(3001, 63, 162, 0, 230, NULL),
(3002, 63, 167, 0, 231, NULL),
(3003, 63, 137, 0, 235, NULL),
(3005, 63, 50, 1, 238, NULL),
(3006, 63, 45, 1, 240, NULL),
(3007, 63, 169, 1, 242, NULL),
(3010, 63, 1, 1, 250, NULL),
(3011, 64, 87, 1, 194, NULL),
(3012, 64, 162, 0, 230, NULL),
(3013, 64, 167, 0, 231, NULL),
(3014, 64, 137, 0, 235, NULL),
(3016, 64, 50, 1, 238, NULL),
(3017, 64, 45, 1, 240, NULL),
(3018, 64, 169, 1, 242, NULL),
(3021, 64, 1, 1, 250, NULL),
(3022, 16, 171, 1, 251, NULL),
(3023, 10, 171, 1, 251, NULL),
(3024, 17, 171, 1, 251, NULL),
(3025, 15, 171, 1, 251, NULL),
(3026, 13, 171, 1, 251, NULL),
(3027, 14, 171, 1, 251, NULL),
(3028, 43, 171, 1, 251, NULL),
(3029, 44, 171, 1, 251, NULL),
(3030, 42, 171, 1, 251, NULL),
(3031, 11, 171, 1, 251, NULL),
(3032, 12, 171, 1, 251, NULL),
(3033, 37, 171, 1, 251, NULL),
(3034, 38, 171, 1, 251, NULL),
(3035, 18, 171, 1, 251, NULL),
(3036, 55, 171, 0, 251, NULL),
(3037, 36, 171, 1, 251, NULL),
(3038, 45, 171, 1, 252, NULL),
(3039, 23, 171, 1, 252, NULL),
(3040, 24, 171, 1, 252, NULL),
(3041, 25, 171, 1, 252, NULL),
(3042, 26, 171, 1, 252, NULL),
(3043, 34, 171, 1, 252, NULL),
(3044, 27, 171, 1, 252, NULL),
(3045, 29, 171, 1, 252, NULL),
(3046, 28, 171, 1, 252, NULL),
(3047, 51, 171, 1, 254, NULL),
(3048, 52, 171, 1, 254, NULL),
(3049, 54, 171, 1, 254, NULL),
(3050, 53, 171, 1, 254, NULL),
(3051, 50, 171, 0, 254, NULL),
(3052, 56, 171, 1, 253, NULL),
(3053, 59, 171, 1, 253, NULL),
(3054, 57, 171, 1, 253, NULL),
(3055, 58, 171, 1, 253, NULL),
(3056, 61, 171, 1, 253, NULL),
(3057, 62, 171, 1, 253, NULL),
(3058, 60, 171, 1, 253, NULL),
(3059, 64, 171, 1, 253, NULL),
(3060, 63, 171, 1, 253, NULL),
(3061, 60, 1, 1, 250, NULL),
(3062, 56, 1, 1, 250, NULL),
(3063, 59, 1, 1, 250, NULL),
(3064, 58, 1, 1, 250, NULL),
(3065, 57, 1, 1, 250, NULL),
(3066, 56, 96, 1, 255, NULL),
(3067, 59, 96, 0, 255, NULL),
(3068, 57, 96, 0, 255, NULL),
(3069, 58, 96, 1, 255, NULL),
(3070, 61, 96, 0, 255, NULL),
(3071, 62, 96, 0, 255, NULL),
(3072, 60, 96, 0, 255, NULL),
(3073, 64, 96, 0, 255, NULL),
(3074, 63, 96, 0, 255, NULL),
(3075, 16, 172, 0, 256, NULL),
(3076, 10, 172, 0, 256, NULL),
(3077, 17, 172, 0, 256, NULL),
(3078, 15, 172, 0, 256, NULL),
(3079, 13, 172, 0, 256, NULL),
(3080, 14, 172, 0, 256, NULL),
(3081, 43, 172, 0, 256, NULL),
(3082, 44, 172, 0, 256, NULL),
(3083, 42, 172, 0, 256, NULL),
(3084, 11, 172, 0, 256, NULL),
(3085, 12, 172, 0, 256, NULL),
(3086, 37, 172, 0, 256, NULL),
(3087, 38, 172, 0, 256, NULL),
(3088, 18, 172, 0, 256, NULL),
(3089, 55, 172, 0, 256, NULL),
(3090, 36, 172, 1, 256, NULL),
(3091, 45, 172, 0, 257, NULL),
(3092, 23, 172, 0, 257, NULL),
(3093, 24, 172, 0, 257, NULL),
(3094, 25, 172, 0, 257, NULL),
(3095, 26, 172, 0, 257, NULL),
(3096, 34, 172, 0, 257, NULL),
(3097, 27, 172, 0, 257, NULL),
(3098, 29, 172, 1, 257, NULL),
(3099, 28, 172, 1, 257, NULL),
(3100, 56, 172, 1, 258, NULL),
(3101, 59, 172, 1, 258, NULL),
(3102, 57, 172, 1, 258, NULL),
(3103, 58, 172, 1, 258, NULL),
(3104, 61, 172, 0, 258, NULL),
(3105, 62, 172, 0, 258, NULL),
(3106, 60, 172, 1, 258, NULL),
(3107, 64, 172, 0, 258, NULL),
(3108, 63, 172, 0, 258, NULL),
(3109, 56, 173, 1, 259, NULL),
(3110, 59, 173, 0, 259, NULL),
(3111, 57, 173, 0, 259, NULL),
(3112, 58, 173, 0, 259, NULL),
(3113, 61, 173, 0, 259, NULL),
(3114, 62, 173, 0, 259, NULL),
(3115, 60, 173, 0, 259, NULL),
(3116, 64, 173, 0, 259, NULL),
(3117, 63, 173, 0, 259, NULL),
(3118, 56, 120, 1, 260, NULL),
(3119, 59, 120, 0, 260, NULL),
(3120, 57, 120, 0, 260, NULL),
(3121, 58, 120, 1, 260, NULL),
(3122, 61, 120, 0, 260, NULL),
(3123, 62, 120, 0, 260, NULL),
(3124, 60, 120, 0, 260, NULL),
(3125, 64, 120, 0, 260, NULL),
(3126, 63, 120, 0, 260, NULL),
(3127, 45, 141, 0, 261, NULL),
(3128, 23, 141, 0, 261, NULL),
(3129, 24, 141, 0, 261, NULL),
(3130, 25, 141, 0, 261, NULL),
(3131, 26, 141, 0, 261, NULL),
(3132, 34, 141, 0, 261, NULL),
(3133, 27, 141, 0, 261, NULL),
(3134, 29, 141, 1, 261, NULL),
(3135, 28, 141, 1, 261, NULL),
(3136, 45, 30, 1, 262, NULL),
(3137, 23, 30, 1, 262, NULL),
(3138, 24, 30, 1, 262, NULL),
(3139, 25, 30, 1, 262, NULL),
(3140, 26, 30, 1, 262, NULL),
(3141, 34, 30, 1, 262, NULL),
(3142, 27, 30, 1, 262, NULL),
(3143, 29, 30, 1, 262, NULL),
(3144, 28, 30, 1, 262, NULL),
(3145, 51, 1, 1, 264, NULL),
(3146, 52, 1, 1, 264, NULL),
(3147, 54, 1, 1, 264, NULL),
(3148, 53, 1, 1, 264, NULL),
(3149, 50, 1, 0, 264, NULL),
(3150, 51, 174, 1, 263, NULL),
(3151, 52, 174, 1, 263, NULL),
(3152, 54, 174, 1, 263, NULL),
(3153, 53, 174, 1, 263, NULL),
(3154, 50, 174, 0, 263, NULL),
(3155, 56, 174, 1, 266, NULL),
(3156, 59, 174, 0, 266, NULL),
(3157, 57, 174, 0, 266, NULL),
(3158, 58, 174, 1, 266, NULL),
(3159, 61, 174, 0, 266, NULL),
(3160, 62, 174, 0, 266, NULL),
(3161, 60, 174, 1, 266, NULL),
(3162, 64, 174, 0, 266, NULL),
(3163, 63, 174, 0, 266, NULL),
(3164, 51, 176, 1, 267, NULL),
(3165, 52, 176, 1, 267, NULL),
(3166, 54, 176, 1, 267, NULL),
(3167, 53, 176, 1, 267, NULL),
(3168, 50, 176, 0, 267, NULL),
(3169, 56, 176, 1, 268, NULL),
(3170, 59, 176, 1, 268, NULL),
(3171, 57, 176, 0, 268, NULL),
(3172, 58, 176, 1, 268, NULL),
(3173, 61, 176, 0, 268, NULL),
(3174, 62, 176, 0, 268, NULL),
(3175, 60, 176, 1, 268, NULL),
(3176, 64, 176, 0, 268, NULL),
(3177, 63, 176, 0, 268, NULL),
(3178, 56, 177, 0, 269, NULL),
(3179, 59, 177, 0, 269, NULL),
(3180, 57, 177, 0, 269, NULL),
(3181, 58, 177, 0, 269, NULL),
(3184, 60, 177, 0, 269, NULL),
(3187, 56, 112, 1, 270, NULL),
(3188, 59, 112, 1, 270, NULL),
(3189, 57, 112, 1, 270, NULL),
(3190, 58, 112, 1, 270, NULL),
(3191, 61, 112, 1, 270, NULL),
(3192, 62, 112, 1, 270, NULL),
(3193, 60, 112, 1, 270, NULL),
(3194, 64, 112, 1, 270, NULL),
(3195, 63, 112, 1, 270, NULL),
(3196, 51, 112, 1, 271, NULL),
(3197, 52, 112, 1, 271, NULL),
(3198, 54, 112, 1, 271, NULL),
(3199, 53, 112, 1, 271, NULL),
(3200, 50, 112, 0, 271, NULL),
(3201, 16, 178, 0, 272, NULL),
(3202, 10, 178, 0, 272, NULL),
(3203, 17, 178, 0, 272, NULL),
(3204, 15, 178, 0, 272, NULL),
(3205, 13, 178, 0, 272, NULL),
(3206, 14, 178, 0, 272, NULL),
(3207, 43, 178, 0, 272, NULL),
(3208, 44, 178, 0, 272, NULL),
(3209, 42, 178, 0, 272, NULL),
(3210, 11, 178, 0, 272, NULL),
(3211, 12, 178, 0, 272, NULL),
(3212, 37, 178, 0, 272, NULL),
(3213, 38, 178, 0, 272, NULL),
(3214, 18, 178, 0, 272, NULL),
(3215, 55, 178, 0, 272, NULL),
(3216, 36, 178, 1, 272, NULL),
(3217, 45, 178, 0, 273, NULL),
(3218, 23, 178, 0, 273, NULL),
(3219, 24, 178, 0, 273, NULL),
(3220, 25, 178, 0, 273, NULL),
(3221, 26, 178, 0, 273, NULL),
(3222, 34, 178, 0, 273, NULL),
(3223, 27, 178, 0, 273, NULL),
(3224, 29, 178, 1, 273, NULL),
(3225, 28, 178, 1, 273, NULL),
(3226, 56, 178, 1, 274, NULL),
(3227, 59, 178, 1, 274, NULL),
(3228, 57, 178, 1, 274, NULL),
(3229, 58, 178, 1, 274, NULL),
(3230, 61, 178, 0, 274, NULL),
(3231, 62, 178, 0, 274, NULL),
(3232, 60, 178, 1, 274, NULL),
(3233, 64, 178, 0, 274, NULL),
(3234, 63, 178, 0, 274, NULL),
(3235, 51, 179, 1, 275, NULL),
(3236, 52, 179, 1, 275, NULL),
(3237, 54, 179, 1, 275, NULL),
(3238, 53, 179, 1, 275, NULL),
(3239, 50, 179, 0, 275, NULL),
(3240, 56, 179, 1, 276, NULL),
(3241, 59, 179, 0, 276, NULL),
(3242, 57, 179, 0, 276, NULL),
(3243, 58, 179, 1, 276, NULL),
(3244, 61, 179, 0, 276, NULL),
(3245, 62, 179, 0, 276, NULL),
(3246, 60, 179, 1, 276, NULL),
(3247, 64, 179, 0, 276, NULL),
(3248, 63, 179, 0, 276, NULL),
(3249, 16, 180, 0, 277, NULL),
(3250, 10, 180, 0, 277, NULL),
(3251, 17, 180, 0, 277, NULL),
(3252, 15, 180, 0, 277, NULL),
(3253, 13, 180, 0, 277, NULL),
(3254, 14, 180, 0, 277, NULL),
(3255, 43, 180, 0, 277, NULL),
(3256, 44, 180, 0, 277, NULL),
(3257, 42, 180, 0, 277, NULL),
(3258, 11, 180, 0, 277, NULL),
(3259, 12, 180, 0, 277, NULL),
(3260, 37, 180, 0, 277, NULL),
(3261, 38, 180, 0, 277, NULL),
(3262, 18, 180, 0, 277, NULL),
(3263, 55, 180, 0, 277, NULL),
(3264, 36, 180, 1, 277, NULL),
(3265, 45, 180, 0, 278, NULL),
(3266, 23, 180, 0, 278, NULL),
(3267, 24, 180, 0, 278, NULL),
(3268, 25, 180, 0, 278, NULL),
(3269, 26, 180, 0, 278, NULL),
(3270, 34, 180, 0, 278, NULL),
(3271, 27, 180, 0, 278, NULL),
(3272, 29, 180, 1, 278, NULL),
(3273, 28, 180, 1, 278, NULL),
(3274, 56, 181, 1, 279, NULL),
(3275, 59, 181, 1, 279, NULL),
(3276, 57, 181, 1, 279, NULL),
(3277, 58, 181, 1, 279, NULL),
(3278, 61, 181, 0, 279, NULL),
(3279, 62, 181, 0, 279, NULL),
(3280, 60, 181, 1, 279, NULL),
(3281, 64, 181, 0, 279, NULL),
(3282, 63, 181, 0, 279, NULL),
(3283, 56, 34, 1, 280, NULL),
(3284, 59, 34, 1, 280, NULL),
(3285, 57, 34, 1, 280, NULL),
(3286, 58, 34, 0, 280, NULL),
(3287, 61, 34, 0, 280, NULL),
(3288, 62, 34, 0, 280, NULL),
(3289, 60, 34, 0, 280, NULL),
(3290, 64, 34, 0, 280, NULL),
(3291, 63, 34, 0, 280, NULL),
(3292, 56, 182, 1, 281, NULL),
(3293, 59, 182, 0, 281, NULL),
(3294, 57, 182, 0, 281, NULL),
(3295, 58, 182, 1, 281, NULL),
(3296, 61, 182, 0, 281, NULL),
(3297, 62, 182, 0, 281, NULL),
(3298, 60, 182, 1, 281, NULL),
(3299, 64, 182, 0, 281, NULL),
(3300, 63, 182, 0, 281, NULL),
(3301, 51, 183, 1, 282, NULL),
(3302, 52, 183, 1, 282, NULL),
(3303, 54, 183, 1, 282, NULL),
(3304, 53, 183, 1, 282, NULL),
(3305, 50, 183, 0, 282, NULL),
(3306, 56, 183, 1, 283, NULL),
(3307, 59, 183, 0, 283, NULL),
(3308, 57, 183, 0, 283, NULL),
(3309, 58, 183, 1, 283, NULL),
(3310, 61, 183, 0, 283, NULL),
(3311, 62, 183, 0, 283, NULL),
(3312, 60, 183, 1, 283, NULL),
(3313, 64, 183, 0, 283, NULL),
(3314, 63, 183, 0, 283, NULL),
(3315, 51, 184, 1, 284, NULL),
(3316, 52, 184, 1, 284, NULL),
(3317, 54, 184, 1, 284, NULL),
(3318, 53, 184, 1, 284, NULL),
(3319, 50, 184, 0, 284, NULL),
(3320, 56, 184, 1, 285, NULL),
(3321, 59, 184, 0, 285, NULL),
(3322, 57, 184, 0, 285, NULL),
(3323, 58, 184, 1, 285, NULL),
(3324, 61, 184, 0, 285, NULL),
(3325, 62, 184, 0, 285, NULL),
(3326, 60, 184, 1, 285, NULL),
(3327, 64, 184, 0, 285, NULL),
(3328, 63, 184, 0, 285, NULL),
(3329, 45, 185, 1, 286, NULL),
(3330, 23, 185, 1, 286, NULL),
(3331, 24, 185, 1, 286, NULL),
(3332, 25, 185, 1, 286, NULL),
(3333, 26, 185, 1, 286, NULL),
(3334, 34, 185, 1, 286, NULL),
(3335, 27, 185, 1, 286, NULL),
(3336, 29, 185, 1, 286, NULL),
(3337, 28, 185, 1, 286, NULL),
(3338, 45, 63, 1, 287, NULL),
(3339, 23, 63, 1, 287, NULL),
(3340, 24, 63, 1, 287, NULL),
(3341, 25, 63, 1, 287, NULL),
(3342, 26, 63, 1, 287, NULL),
(3343, 34, 63, 1, 287, NULL),
(3344, 27, 63, 1, 287, NULL),
(3345, 29, 63, 1, 287, NULL),
(3346, 28, 63, 1, 287, NULL),
(3356, 45, 186, 1, 289, NULL),
(3357, 23, 186, 1, 289, NULL),
(3358, 24, 186, 1, 289, NULL),
(3359, 25, 186, 1, 289, NULL),
(3360, 26, 186, 1, 289, NULL),
(3361, 34, 186, 1, 289, NULL),
(3362, 27, 186, 1, 289, NULL),
(3363, 29, 186, 1, 289, NULL),
(3364, 28, 186, 1, 289, NULL),
(3365, 56, 188, 1, 291, NULL),
(3366, 59, 188, 1, 291, NULL),
(3367, 57, 188, 1, 291, NULL),
(3368, 58, 188, 0, 291, NULL),
(3369, 61, 188, 1, 291, NULL),
(3370, 62, 188, 1, 291, NULL),
(3371, 60, 188, 0, 291, NULL),
(3372, 64, 188, 0, 291, NULL),
(3373, 63, 188, 0, 291, NULL),
(3374, 51, 182, 1, 292, NULL),
(3375, 52, 182, 1, 292, NULL),
(3376, 54, 182, 1, 292, NULL),
(3377, 53, 182, 1, 292, NULL),
(3378, 50, 182, 0, 292, NULL),
(3379, 16, 189, 1, 293, NULL),
(3380, 10, 189, 1, 293, NULL),
(3381, 17, 189, 1, 293, NULL),
(3382, 15, 189, 1, 293, NULL),
(3383, 13, 189, 1, 293, NULL),
(3384, 14, 189, 1, 293, NULL),
(3385, 43, 189, 1, 293, NULL),
(3386, 42, 189, 0, 293, NULL),
(3387, 44, 189, 1, 293, NULL),
(3388, 11, 189, 1, 293, NULL),
(3389, 12, 189, 1, 293, NULL),
(3390, 37, 189, 1, 293, NULL),
(3391, 38, 189, 1, 293, NULL),
(3392, 18, 189, 1, 293, NULL),
(3393, 55, 189, 0, 293, NULL),
(3394, 36, 189, 1, 293, NULL),
(3395, 45, 190, 1, 295, NULL),
(3396, 23, 190, 1, 295, NULL),
(3397, 24, 190, 1, 295, NULL),
(3398, 25, 190, 1, 295, NULL),
(3399, 26, 190, 1, 295, NULL),
(3400, 34, 190, 1, 295, NULL),
(3401, 27, 190, 1, 295, NULL),
(3402, 29, 190, 1, 295, NULL),
(3403, 28, 190, 1, 295, NULL),
(3404, 56, 191, 1, 296, NULL),
(3405, 59, 191, 0, 296, NULL),
(3406, 57, 191, 1, 296, NULL),
(3407, 58, 191, 0, 296, NULL),
(3408, 61, 191, 0, 296, NULL),
(3409, 62, 191, 0, 296, NULL),
(3410, 60, 191, 0, 296, NULL),
(3411, 64, 191, 0, 296, NULL),
(3412, 63, 191, 0, 296, NULL),
(3413, 56, 192, 1, 297, NULL),
(3414, 59, 192, 1, 297, NULL),
(3415, 57, 192, 1, 297, NULL),
(3416, 58, 192, 0, 297, NULL),
(3417, 61, 192, 1, 297, NULL),
(3418, 62, 192, 1, 297, NULL),
(3419, 60, 192, 0, 297, NULL),
(3420, 64, 192, 0, 297, NULL),
(3421, 63, 192, 0, 297, NULL),
(3422, 56, 107, 1, 298, NULL),
(3423, 59, 107, 0, 298, NULL),
(3424, 57, 107, 1, 298, NULL),
(3425, 58, 107, 0, 298, NULL),
(3426, 61, 107, 0, 298, NULL),
(3427, 62, 107, 0, 298, NULL),
(3428, 60, 107, 0, 298, NULL),
(3429, 64, 107, 0, 298, NULL),
(3430, 63, 107, 0, 298, NULL),
(3436, 65, 87, 0, 194, NULL),
(3437, 65, 162, 0, 230, NULL),
(3438, 65, 167, 0, 231, NULL),
(3439, 65, 137, 0, 235, NULL),
(3440, 65, 50, 0, 238, NULL),
(3441, 65, 45, 0, 240, NULL),
(3442, 65, 169, 0, 242, NULL),
(3443, 65, 1, 0, 250, NULL),
(3444, 65, 171, 0, 253, NULL),
(3445, 65, 96, 0, 255, NULL),
(3446, 65, 172, 0, 258, NULL),
(3447, 65, 173, 0, 259, NULL),
(3448, 65, 120, 0, 260, NULL),
(3449, 65, 174, 0, 266, NULL),
(3450, 65, 176, 0, 268, NULL),
(3451, 65, 112, 0, 270, NULL),
(3452, 65, 178, 0, 274, NULL),
(3453, 65, 179, 0, 276, NULL),
(3454, 65, 181, 0, 279, NULL),
(3455, 65, 34, 0, 280, NULL),
(3456, 65, 182, 0, 281, NULL),
(3457, 65, 183, 0, 283, NULL),
(3458, 65, 184, 0, 285, NULL),
(3459, 65, 188, 0, 291, NULL),
(3460, 65, 191, 0, 296, NULL),
(3461, 65, 192, 0, 297, NULL),
(3462, 65, 107, 0, 298, NULL),
(3463, 66, 87, 0, 194, NULL),
(3464, 66, 162, 0, 230, NULL),
(3465, 66, 167, 0, 231, NULL),
(3466, 66, 137, 0, 235, NULL),
(3467, 66, 50, 0, 238, NULL),
(3468, 66, 45, 0, 240, NULL),
(3469, 66, 169, 0, 242, NULL),
(3470, 66, 1, 0, 250, NULL),
(3471, 66, 171, 0, 253, NULL),
(3472, 66, 96, 0, 255, NULL),
(3473, 66, 172, 0, 258, NULL),
(3474, 66, 173, 0, 259, NULL),
(3475, 66, 120, 0, 260, NULL),
(3476, 66, 174, 0, 266, NULL),
(3477, 66, 176, 0, 268, NULL),
(3478, 66, 112, 0, 270, NULL),
(3479, 66, 178, 0, 274, NULL),
(3480, 66, 179, 0, 276, NULL),
(3481, 66, 181, 0, 279, NULL),
(3482, 66, 34, 0, 280, NULL),
(3483, 66, 182, 0, 281, NULL),
(3484, 66, 183, 0, 283, NULL),
(3485, 66, 184, 0, 285, NULL),
(3486, 66, 188, 0, 291, NULL),
(3487, 66, 191, 0, 296, NULL),
(3488, 66, 192, 0, 297, NULL),
(3489, 66, 107, 0, 298, NULL),
(3490, 67, 87, 0, 194, NULL),
(3491, 67, 162, 0, 230, NULL),
(3492, 67, 167, 0, 231, NULL),
(3493, 67, 137, 0, 235, NULL),
(3494, 67, 50, 0, 238, NULL),
(3495, 67, 45, 0, 240, NULL),
(3496, 67, 169, 0, 242, NULL),
(3497, 67, 1, 0, 250, NULL),
(3498, 67, 171, 0, 253, NULL),
(3499, 67, 96, 0, 255, NULL),
(3500, 67, 172, 0, 258, NULL),
(3501, 67, 173, 0, 259, NULL),
(3502, 67, 120, 0, 260, NULL),
(3503, 67, 174, 0, 266, NULL),
(3504, 67, 176, 0, 268, NULL),
(3505, 67, 112, 0, 270, NULL),
(3506, 67, 178, 0, 274, NULL),
(3507, 67, 179, 0, 276, NULL),
(3508, 67, 181, 0, 279, NULL),
(3509, 67, 34, 0, 280, NULL),
(3510, 67, 182, 0, 281, NULL),
(3511, 67, 183, 0, 283, NULL),
(3512, 67, 184, 0, 285, NULL),
(3513, 67, 188, 0, 291, NULL),
(3514, 67, 191, 0, 296, NULL),
(3515, 67, 192, 0, 297, NULL),
(3516, 67, 107, 0, 298, NULL),
(3517, 68, 87, 0, 194, NULL),
(3518, 68, 162, 0, 230, NULL),
(3519, 68, 167, 0, 231, NULL),
(3520, 68, 137, 0, 235, NULL),
(3521, 68, 50, 1, 238, NULL),
(3522, 68, 45, 0, 240, NULL),
(3523, 68, 169, 0, 242, NULL),
(3524, 68, 1, 1, 250, NULL),
(3525, 68, 171, 0, 253, NULL),
(3526, 68, 96, 0, 255, NULL),
(3527, 68, 172, 0, 258, NULL),
(3528, 68, 173, 0, 259, NULL),
(3529, 68, 120, 0, 260, NULL),
(3530, 68, 174, 0, 266, NULL),
(3531, 68, 176, 0, 268, NULL),
(3532, 68, 112, 0, 270, NULL),
(3533, 68, 178, 0, 274, NULL),
(3534, 68, 179, 0, 276, NULL),
(3535, 68, 181, 0, 279, NULL),
(3536, 68, 34, 0, 280, NULL),
(3537, 68, 182, 0, 281, NULL),
(3538, 68, 183, 0, 283, NULL),
(3539, 68, 184, 0, 285, NULL),
(3540, 68, 188, 0, 291, NULL),
(3541, 68, 191, 0, 296, NULL),
(3542, 68, 192, 0, 297, NULL),
(3543, 68, 107, 0, 298, NULL),
(3544, 69, 87, 0, 194, NULL),
(3545, 69, 162, 0, 230, NULL),
(3546, 69, 167, 0, 231, NULL),
(3547, 69, 137, 0, 235, NULL),
(3548, 69, 50, 1, 238, NULL),
(3549, 69, 45, 0, 240, NULL),
(3550, 69, 169, 0, 242, NULL),
(3551, 69, 1, 1, 250, NULL),
(3552, 69, 171, 0, 253, NULL),
(3553, 69, 96, 0, 255, NULL),
(3554, 69, 172, 0, 258, NULL),
(3555, 69, 173, 0, 259, NULL),
(3556, 69, 120, 0, 260, NULL),
(3557, 69, 174, 0, 266, NULL),
(3558, 69, 176, 0, 268, NULL),
(3559, 69, 112, 0, 270, NULL),
(3560, 69, 178, 0, 274, NULL),
(3561, 69, 179, 0, 276, NULL),
(3562, 69, 181, 0, 279, NULL),
(3563, 69, 34, 0, 280, NULL),
(3564, 69, 182, 0, 281, NULL),
(3565, 69, 183, 0, 283, NULL),
(3566, 69, 184, 0, 285, NULL),
(3567, 69, 188, 0, 291, NULL),
(3568, 69, 191, 0, 296, NULL),
(3569, 69, 192, 0, 297, NULL),
(3570, 69, 107, 0, 298, NULL),
(3571, 70, 87, 0, 194, NULL),
(3572, 70, 162, 0, 230, NULL),
(3573, 70, 167, 0, 231, NULL),
(3574, 70, 137, 0, 235, NULL),
(3575, 70, 50, 1, 238, NULL),
(3576, 70, 45, 0, 240, NULL),
(3577, 70, 169, 0, 242, NULL),
(3578, 70, 1, 1, 250, NULL),
(3579, 70, 171, 0, 253, NULL),
(3580, 70, 96, 0, 255, NULL),
(3581, 70, 172, 0, 258, NULL),
(3582, 70, 173, 0, 259, NULL),
(3583, 70, 120, 0, 260, NULL),
(3584, 70, 174, 0, 266, NULL),
(3585, 70, 176, 0, 268, NULL),
(3586, 70, 112, 0, 270, NULL),
(3587, 70, 178, 0, 274, NULL),
(3588, 70, 179, 0, 276, NULL),
(3589, 70, 181, 0, 279, NULL),
(3590, 70, 34, 0, 280, NULL),
(3591, 70, 182, 0, 281, NULL),
(3592, 70, 183, 0, 283, NULL),
(3593, 70, 184, 0, 285, NULL),
(3594, 70, 188, 0, 291, NULL),
(3595, 70, 191, 0, 296, NULL),
(3596, 70, 192, 0, 297, NULL),
(3597, 70, 107, 0, 298, NULL),
(3598, 71, 87, 0, 194, NULL),
(3599, 71, 162, 0, 230, NULL),
(3600, 71, 167, 0, 231, NULL),
(3601, 71, 137, 0, 235, NULL),
(3602, 71, 50, 1, 238, NULL),
(3603, 71, 45, 0, 240, NULL),
(3604, 71, 169, 0, 242, NULL),
(3605, 71, 1, 1, 250, NULL),
(3606, 71, 171, 0, 253, NULL),
(3607, 71, 96, 0, 255, NULL),
(3608, 71, 172, 0, 258, NULL),
(3609, 71, 173, 0, 259, NULL),
(3610, 71, 120, 0, 260, NULL),
(3611, 71, 174, 0, 266, NULL),
(3612, 71, 176, 0, 268, NULL),
(3613, 71, 112, 0, 270, NULL),
(3614, 71, 178, 0, 274, NULL),
(3615, 71, 179, 0, 276, NULL),
(3616, 71, 181, 0, 279, NULL),
(3617, 71, 34, 0, 280, NULL),
(3618, 71, 182, 0, 281, NULL),
(3619, 71, 183, 0, 283, NULL),
(3620, 71, 184, 0, 285, NULL),
(3621, 71, 188, 0, 291, NULL),
(3622, 71, 191, 0, 296, NULL),
(3623, 71, 192, 0, 297, NULL),
(3624, 71, 107, 0, 298, NULL),
(3625, 72, 87, 0, 194, NULL),
(3626, 72, 162, 0, 230, NULL),
(3627, 72, 167, 0, 231, NULL),
(3628, 72, 137, 0, 235, NULL),
(3629, 72, 50, 1, 238, NULL),
(3630, 72, 45, 1, 240, NULL),
(3631, 72, 169, 1, 242, NULL),
(3632, 72, 1, 1, 250, NULL),
(3633, 72, 171, 1, 253, NULL),
(3634, 72, 96, 0, 255, NULL),
(3635, 72, 172, 0, 258, NULL),
(3636, 72, 173, 0, 259, NULL),
(3637, 72, 120, 0, 260, NULL),
(3638, 72, 174, 0, 266, NULL),
(3639, 72, 176, 0, 268, NULL),
(3640, 72, 112, 1, 270, NULL),
(3641, 72, 178, 0, 274, NULL),
(3642, 72, 179, 0, 276, NULL),
(3643, 72, 181, 0, 279, NULL),
(3644, 72, 34, 0, 280, NULL),
(3645, 72, 182, 0, 281, NULL),
(3646, 72, 183, 0, 283, NULL),
(3647, 72, 184, 0, 285, NULL),
(3648, 72, 188, 0, 291, NULL),
(3649, 72, 191, 0, 296, NULL),
(3650, 72, 192, 1, 297, NULL),
(3651, 72, 107, 0, 298, NULL),
(3652, 73, 87, 0, 194, NULL),
(3653, 73, 162, 0, 230, NULL),
(3654, 73, 167, 0, 231, NULL),
(3655, 73, 137, 0, 235, NULL),
(3656, 73, 50, 1, 238, NULL),
(3657, 73, 45, 1, 240, NULL),
(3658, 73, 169, 1, 242, NULL),
(3659, 73, 1, 1, 250, NULL),
(3660, 73, 171, 1, 253, NULL),
(3661, 73, 96, 1, 255, NULL),
(3662, 73, 172, 0, 258, NULL),
(3663, 73, 173, 0, 259, NULL),
(3664, 73, 120, 0, 260, NULL),
(3665, 73, 174, 0, 266, NULL),
(3666, 73, 176, 0, 268, NULL),
(3667, 73, 112, 1, 270, NULL),
(3668, 73, 178, 0, 274, NULL),
(3669, 73, 179, 0, 276, NULL),
(3670, 73, 181, 0, 279, NULL),
(3671, 73, 34, 0, 280, NULL),
(3672, 73, 182, 0, 281, NULL),
(3673, 73, 183, 0, 283, NULL),
(3674, 73, 184, 0, 285, NULL),
(3675, 73, 188, 0, 291, NULL),
(3676, 73, 191, 0, 296, NULL),
(3677, 73, 192, 1, 297, NULL),
(3678, 73, 107, 0, 298, NULL),
(3679, 74, 87, 0, 194, NULL),
(3680, 74, 162, 0, 230, NULL),
(3681, 74, 167, 0, 231, NULL),
(3682, 74, 137, 0, 235, NULL),
(3683, 74, 50, 0, 238, NULL),
(3684, 74, 45, 0, 240, NULL),
(3685, 74, 169, 0, 242, NULL),
(3686, 74, 1, 0, 250, NULL),
(3687, 74, 171, 0, 253, NULL),
(3688, 74, 96, 0, 255, NULL),
(3689, 74, 172, 0, 258, NULL),
(3690, 74, 173, 0, 259, NULL),
(3691, 74, 120, 0, 260, NULL),
(3692, 74, 174, 0, 266, NULL),
(3693, 74, 176, 0, 268, NULL),
(3694, 74, 112, 0, 270, NULL),
(3695, 74, 178, 0, 274, NULL),
(3696, 74, 179, 0, 276, NULL),
(3697, 74, 181, 0, 279, NULL),
(3698, 74, 34, 0, 280, NULL),
(3699, 74, 182, 0, 281, NULL),
(3700, 74, 183, 0, 283, NULL),
(3701, 74, 184, 0, 285, NULL),
(3702, 74, 188, 0, 291, NULL),
(3703, 74, 191, 0, 296, NULL),
(3704, 74, 192, 0, 297, NULL),
(3705, 74, 107, 0, 298, NULL),
(3706, 45, 170, 0, 301, NULL),
(3707, 23, 170, 0, 301, NULL),
(3708, 24, 170, 0, 301, NULL),
(3709, 25, 170, 0, 301, NULL),
(3710, 26, 170, 0, 301, NULL),
(3711, 34, 170, 0, 301, NULL),
(3712, 27, 170, 0, 301, NULL),
(3713, 29, 170, 1, 301, NULL),
(3714, 28, 170, 1, 301, NULL),
(3715, 56, 193, 1, 299, NULL),
(3716, 59, 193, 1, 299, NULL),
(3717, 57, 193, 1, 299, NULL),
(3718, 58, 193, 0, 299, NULL),
(3719, 60, 193, 0, 299, NULL),
(3720, 74, 193, 1, 299, NULL),
(3721, 64, 193, 0, 299, NULL),
(3722, 61, 193, 1, 299, NULL),
(3723, 63, 193, 0, 299, NULL),
(3724, 65, 193, 1, 299, NULL),
(3725, 62, 193, 1, 299, NULL),
(3726, 66, 193, 1, 299, NULL),
(3727, 71, 193, 1, 299, NULL),
(3728, 70, 193, 1, 299, NULL),
(3729, 67, 193, 1, 299, NULL),
(3730, 72, 193, 0, 299, NULL),
(3731, 73, 193, 0, 299, NULL),
(3732, 69, 193, 1, 299, NULL),
(3733, 68, 193, 1, 299, NULL),
(3734, 56, 194, 1, 302, NULL),
(3735, 59, 194, 0, 302, NULL),
(3736, 57, 194, 1, 302, NULL),
(3737, 58, 194, 0, 302, NULL),
(3738, 60, 194, 0, 302, NULL),
(3739, 74, 194, 0, 302, NULL),
(3740, 64, 194, 0, 302, NULL),
(3741, 63, 194, 0, 302, NULL),
(3742, 65, 194, 0, 302, NULL),
(3743, 62, 194, 0, 302, NULL),
(3744, 66, 194, 0, 302, NULL),
(3745, 71, 194, 0, 302, NULL),
(3746, 70, 194, 0, 302, NULL),
(3747, 67, 194, 0, 302, NULL),
(3748, 72, 194, 0, 302, NULL),
(3749, 73, 194, 0, 302, NULL),
(3750, 61, 194, 0, 302, NULL),
(3751, 69, 194, 0, 302, NULL),
(3752, 68, 194, 0, 302, NULL),
(3753, 45, 195, 1, 303, NULL),
(3754, 23, 195, 1, 303, NULL),
(3755, 24, 195, 1, 303, NULL),
(3756, 25, 195, 1, 303, NULL),
(3757, 26, 195, 1, 303, NULL),
(3758, 34, 195, 1, 303, NULL),
(3759, 27, 195, 1, 303, NULL),
(3760, 29, 195, 1, 303, NULL),
(3761, 28, 195, 1, 303, NULL),
(3762, 45, 196, 1, 304, NULL),
(3763, 23, 196, 1, 304, NULL),
(3764, 24, 196, 1, 304, NULL),
(3765, 25, 196, 1, 304, NULL),
(3766, 26, 196, 1, 304, NULL),
(3767, 34, 196, 1, 304, NULL),
(3768, 27, 196, 1, 304, NULL),
(3769, 29, 196, 1, 304, NULL),
(3770, 28, 196, 1, 304, NULL);

-- --------------------------------------------------------

--
-- Table structure for table `companies`
--

CREATE TABLE `companies` (
  `id` int(10) UNSIGNED NOT NULL,
  `name` varchar(45) NOT NULL,
  `active` tinyint(1) NOT NULL,
  `color` varchar(45) DEFAULT NULL
) ENGINE=InnoDB DEFAULT CHARSET=latin1;

--
-- Dumping data for table `companies`
--

INSERT INTO `companies` (`id`, `name`, `active`, `color`) VALUES
(1, 'Beta 5 Chocolates', 0, '#93310A'),
(2, 'Local Churn', 0, '#C5EB9B'),
(3, 'Cookies of Course', 1, '#FF7E00'),
(4, 'Fitness Foods', 1, '#26C200'),
(5, 'To Die For', 1, '#FFED00'),
(6, 'Flip Top', 0, '#08BB54'),
(7, 'Los Tacos', 0, '#2B0A48'),
(8, 'Notch Coffee', 0, '#E6D803'),
(9, 'Pie Hole', 0, '#E7C79F'),
(10, 'Batch Sweet Kitchen', 0, '#B400AF'),
(11, 'Soho Road', 1, '#000000'),
(12, 'Leaf it to me', 0, '#8DACC0'),
(13, 'Candid Confectioner', 0, '#888DF8'),
(14, 'When Pigs Fly', 0, '#FDBEFF'),
(15, 'Sarb Mund\'s Personal Use', 0, '#FF0000'),
(16, 'Whiskey 6', 0, '#34351D'),
(18, 'Mellifera Bees', 0, '#30433E'),
(19, 'Curious Oysters', 1, '#2AD383'),
(20, 'Tacomio', 0, '#B62D53'),
(21, 'Incognito Chef', 0, '#E3E4EE'),
(22, 'Revel Juice', 0, '#C6BB56'),
(23, 'Rolling Cashew & C\'est Si Bon', 1, '#0015C2'),
(24, 'Kondi Kitchen', 0, '#81E985'),
(25, 'Meals From Abroad', 0, '#EF92F3'),
(26, 'Good Mallows', 0, '#BCE4E4'),
(27, 'Parsdish Foods Inc', 0, '#377727'),
(28, 'Georels Bone Broth Co Ltd', 1, '#814200'),
(29, 'Unique Brazilian Snacks', 0, '#4DCB16'),
(30, 'La Casita', 0, '#C38DDA'),
(31, 'Crumb Sandwich Shop', 0, '#D6A7B6'),
(32, 'Lakehouse', 0, '#E01667'),
(33, 'Say Hello Sweets', 0, '#A0CD4D'),
(34, 'Baby Munchiez', 0, '#74E449'),
(35, 'Tioze', 0, '#DA8E49'),
(36, 'Brine Adams', 0, '#AE84B9'),
(37, 'Chef in a Box', 0, '#996080'),
(38, 'In The Mood Food', 0, '#81AA95'),
(39, 'Live Love Eat Food Company', 0, '#1C119F'),
(40, 'Kits Kitchen', 0, '#E4A890'),
(41, 'Gonzalo Almendrades', 0, '#9BE838'),
(42, 'Commissary Connect Administration', 1, '#FC4CC8'),
(44, 'Sophy\'s Kitchen', 1, '#280C78'),
(45, 'Chocolate Culture', 0, '#232B87'),
(46, 'CooCooBox', 0, '#22CA1D'),
(47, 'The Dumpling King', 1, '#E67341'),
(49, 'Original Cupcakes', 0, '#1E69A3'),
(50, 'David\'s Ravioli', 0, '#5330B3'),
(51, 'Skookum Catering', 0, '#6339C3'),
(52, 'AK Eats', 0, '#4B85FB'),
(53, 'Louise Ndungula', 0, '#2E5E80'),
(54, 'Mandalay Burmese Kitchen', 0, '#A500C0'),
(55, 'Kaylin & Hobbes', 0, '#FA876C'),
(56, 'Umma Bento', 0, '#1005F1'),
(57, 'Empanada Papa', 1, '#7E9AA5'),
(58, 'Antonio Romero Casado', 0, '#257C7E'),
(60, 'Jerky Baron', 0, '#F11610'),
(62, 'West Coast Gourmet', 1, '#B47C33'),
(63, 'Praguery', 0, '#748C8F'),
(64, 'Johnny Can\'t Surf', 0, '#C3E416'),
(65, 'Perfect Pull', 0, '#134494'),
(66, 'Tayybeh', 1, '#2C1247'),
(67, 'The Date Co', 0, '#8679F5'),
(68, 'Fortune Noodles', 0, '#0CB1EC'),
(69, 'Salt Lick Ice Cream', 1, '#F2D98C'),
(70, 'Elsie\'s Kitchen Mixes', 0, '#4FAA34'),
(71, 'Truth Drink', 0, '#B600EC'),
(72, 'Salt n Sear', 1, '#08EFAB'),
(73, 'Come Arepa', 1, '#7EDABD'),
(74, 'IDEATTHAT', 0, '#1864CF'),
(75, 'Dipped Dough Company', 0, '#858DE4'),
(76, 'Whistler Elixir', 0, '#FCEA50'),
(82, 'The Main Squeeze', 0, '#4708DA'),
(83, 'ZenQ', 0, '#A6AFB5'),
(84, 'Cafe Brasil', 0, '#CA0D33'),
(88, 'A&W', 1, '#CE93AA'),
(89, 'GVFB', 1, '#121F8C'),
(90, 'Chakula Street Food', 0, '#EF4D1B'),
(91, 'Coast Protein', 0, '#92BF39'),
(92, 'Livia Sweets', 0, '#7D05BB'),
(93, 'Hula Girl Shave Ice', 0, '#5A5A9D'),
(94, 'Chinee Crepe', 0, '#DDEAE6'),
(95, 'Menina Baker', 0, '#5C763B'),
(96, 'Saj & Co', 0, '#46EDE6'),
(97, 'Tina Lau Pies', 0, '#327129'),
(99, 'Kool Whip\'s Daydream', 0, '#1A42B3'),
(100, 'Keto Munch', 0, '#B5B1CF'),
(101, 'Antidote Juicery', 0, '#FDF29E'),
(102, 'Carly Chasse', 0, '#5D2801'),
(103, 'Magnet Naturals', 0, '#A5AE52'),
(104, 'Momotaro Keto Meal Prep', 0, '#4D9219'),
(105, 'Kula', 1, '#C65089'),
(106, 'True Nosh', 0, '#55B361'),
(107, 'Coconut on Earth', 0, '#5A2E57'),
(108, 'Kanadell', 1, '#9BC9E2'),
(109, 'Rain City Soups', 0, '#79DD7A'),
(111, 'Acacia Bistro', 0, '#5E7971'),
(112, 'French Made Baking', 0, '#9ED73A'),
(113, 'Dupi\'s Chai', 1, '#1F4E69'),
(114, 'Craft Jerky', 0, '#9CFF57'),
(115, 'Fume-eh Gourmet', 0, '#FB722E'),
(116, 'Aloha Infused', 0, '#4463B6'),
(118, 'Honest Oats', 0, '#564124'),
(119, 'Cooq', 0, '#404548'),
(122, 'Pre-Bak', 1, '#A34823'),
(123, 'KFOOD Enterprise Ltd.', 0, '#009D92'),
(124, 'WhataFood!', 1, '#F3BD14'),
(125, 'Merchants Workshop', 1, '#BEDC0E'),
(126, 'zDo not use', 0, '#DDE3B8'),
(127, 'Chef T Edibles Inc', 0, '#4584B6'),
(128, 'Momoo\'s Smoked Meats', 1, '#3F1C65'),
(129, 'Metate Bake Shop', 1, '#EB8612'),
(130, 'Hearty Meals', 0, '#2F97E7'),
(132, 'zWhatafood - do not use', 0, '#F6BD98'),
(133, 'Fry Scream Foods', 0, '#BCCC75'),
(135, 'FilmGroup', 0, '#D92CA1'),
(136, 'Blooming Oni-San', 0, '#5B5B38'),
(137, 'MJO Solutions', 1, '#823DF2'),
(138, 'Mama\'s Fish and Chips', 0, '#A1405E'),
(139, 'Kaiju Carts', 1, '#F62E99'),
(140, 'Culture Kefir Company', 1, '#35DCC6'),
(141, 'Pink Honey Desserts', 0, '#6AB22B'),
(142, 'AlgaBloom', 1, '#DCA0B9'),
(143, 'Planted Meals', 1, '#5A967E'),
(144, 'el luchador', 0, '#C96EBB'),
(145, 'Elevated Nut Foods', 0, '#0A422B'),
(146, 'Moogi\'s', 0, '#1DD4AF'),
(147, 'Kure Coffee', 0, '#3A2E27'),
(148, 'A Toi Gourmet Gifts', 1, '#2522D1'),
(151, 'Hanai Family Table', 1, '#911029'),
(152, 'Sweet Bernice', 0, '#9199F8'),
(153, 'Wu Assassins BC Productions', 0, '#A616B1'),
(159, 'Conscious Cookie Co.', 1, '#0CFE79'),
(160, 'TPFoodie Holdings', 1, '#537772'),
(161, 'Something Sweet Patisserie', 0, '#D868C5'),
(162, 'Fitezza', 0, '#A313E6'),
(163, 'Cartems', 0, '#1E464A'),
(164, 'Vancity', 0, '#311BCF'),
(165, 'CanTresor Group', 0, '#80A089'),
(166, 'ConTresor', 0, '#DFE430'),
(167, 'Treeline Catering', 0, '#DC6A8D'),
(168, 'Jessica\'s Gourmet Alfajores', 0, '#47AE4C'),
(169, 'Gourmet Keto Bites', 1, '#5E2266'),
(170, 'Yogi\'s Kitchen Food Services Ltd', 1, '#2CCD26'),
(171, 'Betty\'s King Sauce', 0, '#E1EF08'),
(172, 'Hi Chef Catering', 1, '#27ECFF'),
(173, 'Flourgirl Baking', 1, '#199AF8'),
(174, 'Eat the Dishes', 1, '#193755'),
(185, 'Overland Sandwich', 1, '#0F870E'),
(186, 'Prime Pacific Global Management Corporation', 0, '#38150C'),
(187, 'Metalab', 0, '#152B18'),
(188, 'Deloitte', 0, '#55761D'),
(189, 'Ministry of Agriculture', 1, '#DF08F9'),
(190, 'Sweet Tongue Sweets', 1, '#B06975'),
(191, 'Li\'s Food Revolution', 1, '#2E64EB'),
(193, 'Thirstea', 1, '#31163C'),
(195, '5000 Years of Chinese', 0, '#BDFAFA'),
(196, 'MKS Food Corp', 1, '#2A2E6F'),
(197, 'Club Versante', 1, '#2C0344'),
(198, 'Daily Palette', 1, '#8F2E32'),
(199, 'Meatball Daddy', 1, '#8060DD'),
(200, 'Melo Processing', 1, '#8B6248'),
(201, 'Jjanga Foods', 1, '#0667CD'),
(202, 'Junzushi', 1, '#1DE651'),
(203, 'Bistro Hatzu', 1, '#2D6F0E'),
(204, 'Kirin Fine Foods Ltd.', 1, '#D0B061'),
(205, 'Drew\'s Catering', 1, '#CBF6B7'),
(206, 'Petit Sucre Patisserie', 1, '#0B6587'),
(208, 'Firefly Catering', 1, '#D03959'),
(209, 'Brigaderia da Pam', 1, '#93752E');

-- --------------------------------------------------------

--
-- Table structure for table `devices`
--

CREATE TABLE `devices` (
  `id` int(10) UNSIGNED NOT NULL,
  `kitchen_id` int(10) UNSIGNED NOT NULL,
  `name` varchar(45) DEFAULT NULL,
  `ip` varchar(16) DEFAULT NULL,
  `port` int(11) NOT NULL,
  `created` datetime NOT NULL,
  `modified` datetime NOT NULL
) ENGINE=InnoDB DEFAULT CHARSET=latin1;

--
-- Dumping data for table `devices`
--

INSERT INTO `devices` (`id`, `kitchen_id`, `name`, `ip`, `port`, `created`, `modified`) VALUES
(1, 1, 'Device 1', NULL, 0, '0000-00-00 00:00:00', '0000-00-00 00:00:00'),
(2, 1, 'Device 2', NULL, 0, '0000-00-00 00:00:00', '0000-00-00 00:00:00'),
(3, 2, '417 Device 1', NULL, 0, '0000-00-00 00:00:00', '0000-00-00 00:00:00'),
(4, 5, 'Laurel Upstairs', NULL, 0, '0000-00-00 00:00:00', '0000-00-00 00:00:00'),
(5, 6, 'Laurel Downstairs Left', NULL, 0, '0000-00-00 00:00:00', '0000-00-00 00:00:00'),
(6, 6, 'Laurel Downstairs Right', NULL, 0, '0000-00-00 00:00:00', '0000-00-00 00:00:00');

-- --------------------------------------------------------

--
-- Table structure for table `kitchens`
--

CREATE TABLE `kitchens` (
  `id` int(10) UNSIGNED NOT NULL,
  `name` varchar(45) NOT NULL,
  `address` varchar(45) NOT NULL,
  `city` varchar(45) NOT NULL,
  `ip` varchar(16) DEFAULT NULL,
  `port` int(11) NOT NULL,
  `lockstate` tinyint(1) NOT NULL DEFAULT '0',
  `created` datetime NOT NULL,
  `modified` datetime NOT NULL,
  `message` text NOT NULL
) ENGINE=InnoDB DEFAULT CHARSET=latin1;

--
-- Dumping data for table `kitchens`
--

INSERT INTO `kitchens` (`id`, `name`, `address`, `city`, `ip`, `port`, `lockstate`, `created`, `modified`, `message`) VALUES
(1, '401 Industrial', '', '', NULL, 0, 0, '0000-00-00 00:00:00', '0000-00-00 00:00:00', ''),
(2, '417 Industrial', '', '', NULL, 0, 0, '0000-00-00 00:00:00', '0000-00-00 00:00:00', ''),
(3, 'Test Kitchen', '', '', NULL, 0, 0, '0000-00-00 00:00:00', '0000-00-00 00:00:00', ''),
(5, 'Laurel Street - Upstairs', '', '', NULL, 0, 0, '0000-00-00 00:00:00', '0000-00-00 00:00:00', ''),
(6, 'Laurel Street - Downstairs', '', '', NULL, 0, 0, '0000-00-00 00:00:00', '0000-00-00 00:00:00', '');

-- --------------------------------------------------------

--
-- Table structure for table `schedules`
--

CREATE TABLE `schedules` (
  `id` int(10) UNSIGNED NOT NULL,
  `kitchen_id` int(10) UNSIGNED NOT NULL,
  `appliance_id` int(10) UNSIGNED NOT NULL,
  `company_id` int(10) UNSIGNED NOT NULL,
  `start` datetime DEFAULT NULL,
  `end` datetime DEFAULT NULL,
  `recurring_schedule_id` int(10) UNSIGNED DEFAULT NULL
) ENGINE=InnoDB DEFAULT CHARSET=latin1;

--
-- Dumping data for table `schedules`
--

INSERT INTO `schedules` (`id`, `kitchen_id`, `appliance_id`, `company_id`, `start`, `end`, `recurring_schedule_id`) VALUES
(30777, 1, 43, 42, '2019-08-06 04:08:46', '2019-08-06 14:08:46', 562),
(30778, 1, 43, 44, '2019-06-13 21:00:00', '2019-06-14 04:00:00', 562),
(30998, 1, 43, 44, '2019-06-10 21:00:00', '2019-06-11 04:00:00', 603),
(31273, 1, 14, 137, '2019-06-13 17:00:00', '2019-06-13 22:00:00', 604),
(31570, 1, 16, 4, '2019-06-12 12:00:00', '2019-06-12 19:30:00', 85),
(31625, 1, 10, 4, '2019-06-12 12:00:00', '2019-06-12 19:30:00', 84),
(31680, 1, 17, 4, '2019-06-12 12:00:00', '2019-06-12 19:30:00', 86),
(31735, 1, 15, 4, '2019-06-12 12:00:00', '2019-06-12 18:00:00', 538),
(31790, 1, 14, 4, '2019-06-12 12:00:00', '2019-06-12 18:00:00', 532),
(31845, 1, 43, 4, '2019-06-12 12:00:00', '2019-06-12 18:00:00', 602),
(31900, 1, 11, 4, '2019-06-12 12:00:00', '2019-06-12 15:00:00', 97),
(32010, 1, 37, 4, '2019-06-12 12:00:00', '2019-06-12 15:00:00', 537),
(32065, 1, 18, 4, '2019-06-12 12:00:00', '2019-06-12 15:00:00', 99),
(32224, 1, 10, 4, '2019-06-07 17:00:00', '2019-06-07 20:00:00', 542),
(32278, 1, 43, 4, '2019-06-07 17:00:00', '2019-06-07 20:00:00', 543),
(32332, 1, 16, 4, '2019-06-09 12:00:00', '2019-06-09 19:30:00', 36),
(32386, 1, 10, 4, '2019-06-09 12:00:00', '2019-06-09 18:00:00', 31),
(32440, 1, 17, 4, '2019-06-09 12:00:00', '2019-06-09 19:30:00', 37),
(32548, 1, 15, 4, '2019-06-09 12:00:00', '2019-06-09 19:30:00', 35),
(32602, 1, 14, 4, '2019-06-09 12:00:00', '2019-06-09 18:00:00', 535),
(32656, 1, 43, 4, '2019-06-09 12:00:00', '2019-06-09 18:00:00', 601),
(32710, 1, 11, 4, '2019-06-09 12:00:00', '2019-06-09 15:00:00', 32),
(32764, 1, 18, 4, '2019-06-09 12:00:00', '2019-06-09 15:00:00', 534),
(32818, 1, 11, 3, '2019-06-07 14:00:00', '2019-06-07 17:00:00', 7),
(32873, 1, 11, 3, '2019-06-10 14:00:00', '2019-06-10 17:00:00', 42),
(32928, 1, 11, 3, '2019-06-11 14:00:00', '2019-06-11 17:00:00', 60),
(32982, 1, 11, 3, '2019-06-06 14:00:00', '2019-06-06 17:00:00', 108),
(32983, 1, 11, 3, '2019-06-13 14:00:00', '2019-06-13 17:00:00', 108),
(33036, 1, 12, 3, '2019-06-07 14:00:00', '2019-06-07 17:00:00', 8),
(33091, 1, 12, 3, '2019-06-10 14:00:00', '2019-06-10 17:00:00', 43),
(33146, 1, 12, 3, '2019-06-11 14:00:00', '2019-06-11 17:00:00', 61),
(33200, 1, 12, 3, '2019-06-05 14:00:00', '2019-06-05 17:00:00', 98),
(33201, 1, 12, 3, '2019-06-12 14:00:00', '2019-06-12 17:00:00', 98),
(33255, 1, 12, 3, '2019-06-06 14:00:00', '2019-06-06 17:00:00', 109),
(33256, 1, 12, 3, '2019-06-13 14:00:00', '2019-06-13 17:00:00', 109),
(33309, 1, 38, 3, '2019-06-05 14:00:00', '2019-06-05 17:00:00', 427),
(33310, 1, 38, 3, '2019-06-12 14:00:00', '2019-06-12 17:00:00', 427),
(33365, 1, 44, 3, '2019-06-10 14:00:00', '2019-06-10 20:00:00', 472),
(33420, 1, 44, 3, '2019-06-11 14:00:00', '2019-06-11 20:00:00', 473),
(33474, 1, 44, 3, '2019-06-06 14:00:00', '2019-06-06 20:00:00', 474),
(33475, 1, 44, 3, '2019-06-13 14:00:00', '2019-06-13 20:00:00', 474),
(33528, 1, 44, 3, '2019-06-07 14:00:00', '2019-06-07 20:00:00', 475),
(34064, 1, 10, 4, '2019-06-11 17:00:00', '2019-06-11 20:00:00', 539),
(34704, 1, 12, 143, '2019-06-09 18:00:00', '2019-06-09 21:00:00', 627),
(35136, 1, 43, 4, '2019-06-11 17:00:00', '2019-06-11 19:00:00', 565),
(35187, 1, 43, 44, '2019-06-05 21:00:00', '2019-06-06 01:00:00', 583),
(35188, 1, 43, 44, '2019-06-12 21:00:00', '2019-06-13 01:00:00', 583),
(35247, 1, 10, 66, '2019-06-06 21:00:00', '2019-06-07 02:00:00', 470),
(35248, 1, 10, 66, '2019-06-13 21:00:00', '2019-06-14 02:00:00', 470),
(35300, 1, 10, 66, '2019-06-07 21:00:00', '2019-06-08 02:00:00', 471),
(35353, 1, 16, 66, '2019-06-10 17:00:00', '2019-06-11 00:30:00', 462),
(35406, 1, 16, 66, '2019-06-08 16:00:00', '2019-06-08 22:00:00', 613),
(35459, 1, 17, 66, '2019-06-11 16:00:00', '2019-06-12 01:00:00', 469),
(35512, 1, 17, 66, '2019-06-10 18:00:00', '2019-06-11 03:00:00', 463),
(35565, 1, 17, 66, '2019-06-08 16:30:00', '2019-06-09 00:00:00', 621),
(35617, 1, 43, 66, '2019-06-06 15:00:00', '2019-06-06 19:00:00', 527),
(35618, 1, 43, 66, '2019-06-13 15:00:00', '2019-06-13 19:00:00', 527),
(35670, 1, 43, 66, '2019-06-08 16:00:00', '2019-06-08 23:00:00', 618),
(35723, 1, 10, 62, '2019-06-10 17:00:00', '2019-06-11 01:00:00', 457),
(35776, 1, 10, 62, '2019-06-08 17:30:00', '2019-06-08 23:00:00', 620),
(35829, 1, 15, 62, '2019-06-10 17:00:00', '2019-06-11 01:00:00', 585),
(35882, 1, 15, 62, '2019-06-08 17:30:00', '2019-06-08 23:00:00', 607),
(35987, 1, 16, 62, '2019-06-06 17:00:00', '2019-06-06 22:00:00', 459),
(35988, 1, 16, 62, '2019-06-13 17:00:00', '2019-06-13 22:00:00', 459),
(36039, 1, 17, 62, '2019-06-06 17:00:00', '2019-06-06 22:00:00', 505),
(36040, 1, 17, 62, '2019-06-13 17:00:00', '2019-06-13 22:00:00', 505),
(36923, 1, 37, 23, '2019-06-11 22:00:00', '2019-06-12 04:00:00', 662),
(36945, 1, 38, 23, '2019-06-11 22:00:00', '2019-06-12 04:00:00', 663),
(36967, 1, 18, 23, '2019-06-11 23:00:00', '2019-06-12 01:00:00', 664),
(36993, 1, 13, 23, '2019-06-09 21:30:00', '2019-06-10 04:00:00', 665),
(37015, 1, 37, 23, '2019-06-09 22:00:00', '2019-06-10 04:00:00', 666),
(37037, 1, 38, 23, '2019-06-09 22:00:00', '2019-06-10 04:00:00', 667),
(37059, 1, 18, 23, '2019-06-09 23:00:00', '2019-06-10 01:00:00', 668),
(37087, 1, 15, 23, '2019-06-11 21:30:00', '2019-06-12 00:30:00', 669),
(37109, 1, 13, 23, '2019-06-11 21:30:00', '2019-06-12 04:00:00', 670),
(37137, 1, 16, 62, '2019-06-07 17:00:00', '2019-06-07 22:00:00', 671),
(37184, 1, 17, 62, '2019-06-07 16:30:00', '2019-06-07 21:30:00', 672),
(37185, 1, 10, 42, '2019-08-05 04:08:46', '2019-08-06 14:08:46', 562),
(37186, 1, 11, 42, '2019-08-06 04:08:46', '2019-08-06 14:08:46', 562),
(37187, 1, 12, 42, '2019-08-06 04:08:46', '2019-08-06 14:08:46', 562),
(37188, 1, 13, 42, '2019-08-06 04:08:46', '2019-08-06 14:08:46', 562),
(37189, 1, 14, 42, '2019-08-06 04:08:46', '2019-08-06 14:08:46', 562);

-- --------------------------------------------------------

--
-- Table structure for table `tenants`
--

CREATE TABLE `tenants` (
  `id` int(10) UNSIGNED NOT NULL,
  `kitchen_id` int(10) UNSIGNED NOT NULL,
  `user_id` int(10) UNSIGNED NOT NULL,
  `pin` int(10) UNSIGNED NOT NULL,
  `admin` tinyint(1) NOT NULL,
  `active` tinyint(1) NOT NULL,
  `door_pin` int(10) UNSIGNED DEFAULT '0',
  `created` datetime NOT NULL,
  `modified` datetime NOT NULL,
  `lockstate_id` varchar(100) NOT NULL
) ENGINE=InnoDB DEFAULT CHARSET=latin1;

--
-- Dumping data for table `tenants`
--

INSERT INTO `tenants` (`id`, `kitchen_id`, `user_id`, `pin`, `admin`, `active`, `door_pin`, `created`, `modified`, `lockstate_id`) VALUES
(1, 1, 1, 25979, 1, 1, 0, '2019-06-07 18:18:19', '2019-06-07 18:18:19', ''),
(3, 1, 6, 10800, 0, 0, 0, '2019-06-07 18:18:20', '2019-06-07 18:18:20', ''),
(4, 1, 7, 100004, 0, 0, 0, '2019-06-07 18:18:20', '2019-06-07 18:18:20', ''),
(5, 1, 8, 10300, 0, 1, 0, '2019-06-07 18:18:20', '2019-06-07 18:18:20', ''),
(6, 1, 9, 10070, 0, 0, 0, '2019-06-07 18:18:20', '2019-06-07 18:18:20', ''),
(7, 1, 10, 14003, 0, 1, 0, '2019-06-07 18:18:20', '2019-06-07 18:18:20', ''),
(8, 1, 11, 10500, 0, 0, 0, '2019-06-07 18:18:20', '2019-06-07 18:18:20', ''),
(9, 1, 12, 679, 0, 0, 0, '2019-06-07 18:18:20', '2019-06-07 18:18:20', ''),
(10, 1, 13, 16000, 0, 0, 0, '2019-06-07 18:18:20', '2019-06-07 18:18:20', ''),
(11, 1, 14, 67560, 0, 0, 0, '2019-06-07 18:18:20', '2019-06-07 18:18:20', ''),
(12, 1, 15, 88411, 0, 0, 0, '2019-06-07 18:18:20', '2019-06-07 18:18:20', ''),
(13, 1, 16, 10009, 0, 0, 0, '2019-06-07 18:18:20', '2019-06-07 18:18:20', ''),
(14, 1, 17, 76900, 1, 0, 0, '2019-06-07 18:18:20', '2019-06-07 18:18:20', ''),
(15, 1, 18, 100015, 0, 0, 0, '2019-06-07 18:18:20', '2019-06-07 18:18:20', ''),
(16, 1, 19, 10002, 0, 1, 0, '2019-06-07 18:18:20', '2019-06-07 18:18:20', ''),
(17, 1, 20, 10010, 0, 0, 0, '2019-06-07 18:18:20', '2019-06-07 18:18:20', ''),
(18, 1, 21, 98765, 0, 0, 0, '2019-06-07 18:18:20', '2019-06-07 18:18:20', ''),
(19, 1, 22, 35013, 0, 0, 0, '2019-06-07 18:18:20', '2019-06-07 18:18:20', ''),
(20, 1, 23, 10020, 0, 0, 0, '2019-06-07 18:18:20', '2019-06-07 18:18:20', ''),
(21, 1, 24, 10900, 0, 0, 0, '2019-06-07 18:18:20', '2019-06-07 18:18:20', ''),
(22, 1, 25, 10100, 0, 0, 0, '2019-06-07 18:18:20', '2019-06-07 18:18:20', ''),
(23, 1, 26, 11000, 0, 1, 0, '2019-06-07 18:18:20', '2019-06-07 18:18:20', ''),
(24, 1, 27, 12000, 0, 0, 0, '2019-06-07 18:18:21', '2019-06-07 18:18:21', ''),
(25, 1, 28, 10033, 0, 0, 0, '2019-06-07 18:18:21', '2019-06-07 18:18:21', ''),
(26, 1, 29, 10040, 0, 0, 0, '2019-06-07 18:18:21', '2019-06-07 18:18:21', ''),
(27, 1, 30, 10006, 0, 1, 0, '2019-06-07 18:18:21', '2019-06-07 18:18:21', ''),
(28, 1, 31, 10012, 0, 0, 0, '2019-06-07 18:18:21', '2019-06-07 18:18:21', ''),
(29, 1, 32, 10909, 0, 0, 0, '2019-06-07 18:18:21', '2019-06-07 18:18:21', ''),
(30, 1, 33, 11101, 0, 0, 0, '2019-06-07 18:18:21', '2019-06-07 18:18:21', ''),
(31, 1, 34, 12020, 0, 0, 0, '2019-06-07 18:18:21', '2019-06-07 18:18:21', ''),
(32, 1, 35, 11301, 0, 0, 0, '2019-06-07 18:18:21', '2019-06-07 18:18:21', ''),
(33, 1, 36, 10022, 0, 0, 0, '2019-06-07 18:18:21', '2019-06-07 18:18:21', ''),
(34, 1, 37, 10027, 0, 0, 0, '2019-06-07 18:18:22', '2019-06-07 18:18:22', ''),
(35, 1, 38, 44888, 0, 0, 0, '2019-06-07 18:18:22', '2019-06-07 18:18:22', ''),
(36, 1, 39, 13400, 0, 0, 0, '2019-06-07 18:18:22', '2019-06-07 18:18:22', ''),
(37, 1, 40, 11022, 0, 0, 0, '2019-06-07 18:18:22', '2019-06-07 18:18:22', ''),
(38, 1, 41, 23400, 0, 0, 0, '2019-06-07 18:18:22', '2019-06-07 18:18:22', ''),
(39, 1, 42, 10056, 0, 0, 0, '2019-06-07 18:18:22', '2019-06-07 18:18:22', ''),
(40, 1, 43, 11112, 0, 0, 0, '2019-06-07 18:18:22', '2019-06-07 18:18:22', ''),
(41, 1, 44, 99999, 0, 0, 0, '2019-06-07 18:18:22', '2019-06-07 18:18:22', ''),
(42, 1, 45, 30001, 0, 1, 0, '2019-06-07 18:18:23', '2019-06-07 18:18:23', ''),
(43, 1, 46, 11012, 0, 0, 0, '2019-06-07 18:18:23', '2019-06-07 18:18:23', ''),
(44, 1, 47, 20005, 0, 0, 0, '2019-06-07 18:18:23', '2019-06-07 18:18:23', ''),
(45, 1, 48, 21012, 0, 0, 0, '2019-06-07 18:18:23', '2019-06-07 18:18:23', ''),
(46, 1, 49, 10046, 0, 1, 0, '2019-06-07 18:18:23', '2019-06-07 18:18:23', ''),
(47, 1, 50, 30030, 0, 1, 0, '2019-06-07 18:18:23', '2019-06-07 18:18:23', ''),
(48, 1, 51, 99965, 0, 0, 0, '2019-06-07 18:18:23', '2019-06-07 18:18:23', ''),
(49, 1, 52, 69964, 0, 1, 0, '2019-06-07 18:18:23', '2019-06-07 18:18:23', ''),
(50, 1, 53, 96206, 0, 0, 0, '2019-06-07 18:18:23', '2019-06-07 18:18:23', ''),
(51, 1, 54, 67914, 0, 0, 0, '2019-06-07 18:18:23', '2019-06-07 18:18:23', ''),
(52, 1, 55, 31719, 0, 1, 0, '2019-06-07 18:18:23', '2019-06-07 18:18:23', ''),
(53, 1, 56, 13802, 0, 0, 0, '2019-06-07 18:18:23', '2019-06-07 18:18:23', ''),
(54, 1, 57, 64391, 0, 0, 0, '2019-06-07 18:18:23', '2019-06-07 18:18:23', ''),
(55, 1, 58, 60995, 0, 1, 0, '2019-06-07 18:18:23', '2019-06-07 18:18:23', ''),
(56, 1, 59, 32446, 0, 0, 0, '2019-06-07 18:18:23', '2019-06-07 18:18:23', ''),
(57, 1, 60, 42058, 0, 0, 0, '2019-06-07 18:18:23', '2019-06-07 18:18:23', ''),
(58, 1, 61, 95282, 0, 0, 0, '2019-06-07 18:18:23', '2019-06-07 18:18:23', ''),
(59, 1, 62, 20325, 0, 0, 0, '2019-06-07 18:18:23', '2019-06-07 18:18:23', ''),
(60, 1, 63, 60996, 0, 1, 0, '2019-06-07 18:18:23', '2019-06-07 18:18:23', ''),
(61, 1, 64, 82484, 0, 0, 0, '2019-06-07 18:18:23', '2019-06-07 18:18:23', ''),
(62, 1, 65, 45459, 0, 0, 0, '2019-06-07 18:18:23', '2019-06-07 18:18:23', ''),
(63, 1, 66, 40021, 0, 1, 0, '2019-06-07 18:18:23', '2019-06-07 18:18:23', ''),
(64, 1, 67, 59941, 0, 0, 0, '2019-06-07 18:18:23', '2019-06-07 18:18:23', ''),
(65, 1, 68, 63957, 0, 0, 0, '2019-06-07 18:18:23', '2019-06-07 18:18:23', ''),
(66, 1, 69, 88797, 0, 0, 0, '2019-06-07 18:18:23', '2019-06-07 18:18:23', ''),
(67, 1, 70, 65942, 0, 1, 0, '2019-06-07 18:18:24', '2019-06-07 18:18:24', ''),
(68, 1, 71, 100068, 0, 0, 0, '2019-06-07 18:18:24', '2019-06-07 18:18:24', ''),
(69, 1, 72, 11842, 0, 0, 0, '2019-06-07 18:18:24', '2019-06-07 18:18:24', ''),
(70, 1, 73, 98761, 0, 0, 0, '2019-06-07 18:18:24', '2019-06-07 18:18:24', ''),
(71, 1, 74, 69142, 0, 0, 0, '2019-06-07 18:18:24', '2019-06-07 18:18:24', ''),
(72, 1, 75, 98603, 0, 1, 0, '2019-06-07 18:18:24', '2019-06-07 18:18:24', ''),
(73, 1, 76, 46420, 0, 0, 0, '2019-06-07 18:18:24', '2019-06-07 18:18:24', ''),
(74, 1, 77, 29072, 0, 1, 0, '2019-06-07 18:18:24', '2019-06-07 18:18:24', ''),
(75, 1, 78, 51748, 0, 1, 0, '2019-06-07 18:18:25', '2019-06-07 18:18:25', ''),
(76, 1, 79, 30972, 0, 0, 0, '2019-06-07 18:18:25', '2019-06-07 18:18:25', ''),
(77, 1, 80, 85305, 0, 0, 0, '2019-06-07 18:18:25', '2019-06-07 18:18:25', ''),
(78, 1, 81, 97956, 0, 0, 0, '2019-06-07 18:18:26', '2019-06-07 18:18:26', ''),
(79, 1, 82, 99492, 0, 0, 0, '2019-06-07 18:18:26', '2019-06-07 18:18:26', ''),
(80, 1, 83, 21577, 0, 0, 0, '2019-06-07 18:18:26', '2019-06-07 18:18:26', ''),
(81, 1, 84, 93237, 0, 0, 0, '2019-06-07 18:18:26', '2019-06-07 18:18:26', ''),
(82, 1, 85, 47546, 0, 0, 0, '2019-06-07 18:18:26', '2019-06-07 18:18:26', ''),
(83, 1, 86, 43449, 0, 1, 0, '2019-06-07 18:18:26', '2019-06-07 18:18:26', ''),
(84, 3, 1, 25979, 0, 0, 0, '2019-06-07 18:18:41', '2019-06-07 18:18:41', ''),
(85, 1, 87, 61562, 0, 0, 0, '2019-06-07 18:18:26', '2019-06-07 18:18:26', ''),
(86, 1, 88, 54339, 0, 0, 0, '2019-06-07 18:18:26', '2019-06-07 18:18:26', ''),
(87, 2, 50, 30030, 0, 1, 0, '2019-06-07 18:18:31', '2019-06-07 18:18:31', ''),
(88, 1, 89, 48417, 0, 0, 0, '2019-06-07 18:18:26', '2019-06-07 18:18:26', ''),
(89, 2, 45, 30001, 0, 1, 0, '2019-06-07 18:18:31', '2019-06-07 18:18:31', ''),
(92, 1, 90, 75591, 0, 0, 0, '2019-06-07 18:18:26', '2019-06-07 18:18:26', ''),
(93, 1, 91, 21448, 0, 0, 0, '2019-06-07 18:18:26', '2019-06-07 18:18:26', ''),
(94, 1, 92, 42871, 0, 0, 0, '2019-06-07 18:18:26', '2019-06-07 18:18:26', ''),
(95, 2, 93, 72641, 0, 0, 0, '2019-06-07 18:18:31', '2019-06-07 18:18:31', ''),
(97, 1, 94, 49011, 0, 0, 0, '2019-06-07 18:18:26', '2019-06-07 18:18:26', ''),
(98, 2, 92, 42871, 0, 0, 0, '2019-06-07 18:18:31', '2019-06-07 18:18:31', ''),
(99, 2, 79, 30972, 0, 0, 0, '2019-06-07 18:18:31', '2019-06-07 18:18:31', ''),
(100, 2, 20, 10010, 0, 0, 0, '2019-06-07 18:18:31', '2019-06-07 18:18:31', ''),
(101, 2, 53, 96206, 0, 0, 0, '2019-06-07 18:18:31', '2019-06-07 18:18:31', ''),
(102, 2, 67, 59941, 0, 0, 0, '2019-06-07 18:18:31', '2019-06-07 18:18:31', ''),
(103, 2, 68, 63957, 0, 0, 0, '2019-06-07 18:18:31', '2019-06-07 18:18:31', ''),
(104, 2, 17, 76900, 0, 0, 0, '2019-06-07 18:18:31', '2019-06-07 18:18:31', ''),
(105, 1, 95, 53262, 0, 0, 0, '2019-06-07 18:18:26', '2019-06-07 18:18:26', ''),
(106, 1, 96, 86462, 0, 1, 0, '2019-06-07 18:18:26', '2019-06-07 18:18:26', ''),
(107, 2, 96, 86462, 0, 1, 0, '2019-06-07 18:18:31', '2019-06-07 18:18:31', ''),
(108, 1, 97, 100108, 0, 0, 0, '2019-06-07 18:18:26', '2019-06-07 18:18:26', ''),
(109, 2, 1, 25979, 0, 1, 0, '2019-06-07 18:18:31', '2019-06-07 18:18:31', ''),
(110, 2, 70, 65942, 0, 1, 0, '2019-06-07 18:18:31', '2019-06-07 18:18:31', ''),
(111, 2, 89, 48417, 0, 0, 0, '2019-06-07 18:18:31', '2019-06-07 18:18:31', ''),
(113, 1, 98, 100113, 0, 0, 0, '2019-06-07 18:18:26', '2019-06-07 18:18:26', ''),
(115, 1, 99, 49247, 0, 1, 0, '2019-06-07 18:18:26', '2019-06-07 18:18:26', ''),
(116, 2, 10, 14003, 0, 1, 0, '2019-06-07 18:18:31', '2019-06-07 18:18:31', ''),
(117, 2, 83, 21577, 0, 0, 0, '2019-06-07 18:18:31', '2019-06-07 18:18:31', ''),
(118, 2, 100, 48340, 0, 0, 0, '2019-06-07 18:18:31', '2019-06-07 18:18:31', ''),
(119, 1, 101, 27570, 0, 0, 0, '2019-06-07 18:18:26', '2019-06-07 18:18:26', ''),
(120, 2, 102, 77121, 0, 0, 0, '2019-06-07 18:18:31', '2019-06-07 18:18:31', ''),
(121, 2, 77, 29072, 0, 1, 0, '2019-06-07 18:18:31', '2019-06-07 18:18:31', ''),
(122, 2, 64, 82880, 0, 0, 0, '2019-06-07 18:18:31', '2019-06-07 18:18:31', ''),
(123, 1, 103, 82926, 0, 0, 0, '2019-06-07 18:18:26', '2019-06-07 18:18:26', ''),
(124, 2, 104, 52449, 0, 0, 0, '2019-06-07 18:18:31', '2019-06-07 18:18:31', ''),
(125, 1, 105, 85929, 0, 0, 0, '2019-06-07 18:18:26', '2019-06-07 18:18:26', ''),
(126, 2, 94, 49011, 0, 0, 0, '2019-06-07 18:18:32', '2019-06-07 18:18:32', ''),
(127, 1, 106, 41615, 0, 0, 0, '2019-06-07 18:18:26', '2019-06-07 18:18:26', ''),
(128, 2, 80, 85305, 0, 0, 0, '2019-06-07 18:18:32', '2019-06-07 18:18:32', ''),
(131, 1, 107, 65692, 0, 1, 0, '2019-06-07 18:18:26', '2019-06-07 18:18:26', ''),
(132, 2, 107, 65692, 0, 1, 0, '2019-06-07 18:18:32', '2019-06-07 18:18:32', ''),
(133, 2, 108, 38504, 0, 0, 0, '2019-06-07 18:18:32', '2019-06-07 18:18:32', ''),
(134, 2, 109, 63108, 0, 0, 0, '2019-06-07 18:18:32', '2019-06-07 18:18:32', ''),
(135, 2, 8, 10300, 0, 1, 0, '2019-06-07 18:18:32', '2019-06-07 18:18:32', ''),
(136, 1, 110, 68971, 0, 0, 0, '2019-06-07 18:18:26', '2019-06-07 18:18:26', ''),
(137, 2, 111, 77241, 0, 1, 0, '2019-06-07 18:18:32', '2019-06-07 18:18:32', ''),
(138, 1, 112, 82915, 0, 1, 0, '2019-06-07 18:18:26', '2019-06-07 18:18:26', ''),
(139, 2, 112, 82915, 0, 1, 0, '2019-06-07 18:18:32', '2019-06-07 18:18:32', ''),
(140, 1, 113, 61475, 0, 0, 0, '2019-06-07 18:18:27', '2019-06-07 18:18:27', ''),
(141, 2, 113, 61475, 0, 0, 0, '2019-06-07 18:18:32', '2019-06-07 18:18:32', ''),
(142, 1, 114, 63966, 0, 0, 0, '2019-06-07 18:18:27', '2019-06-07 18:18:27', ''),
(145, 2, 115, 79674, 0, 1, 0, '2019-06-07 18:18:32', '2019-06-07 18:18:32', ''),
(147, 1, 116, 17922, 0, 0, 0, '2019-06-07 18:18:27', '2019-06-07 18:18:27', ''),
(148, 1, 117, 58062, 0, 0, 0, '2019-06-07 18:18:27', '2019-06-07 18:18:27', ''),
(149, 2, 117, 58062, 0, 0, 0, '2019-06-07 18:18:32', '2019-06-07 18:18:32', ''),
(150, 1, 118, 25410, 0, 0, 0, '2019-06-07 18:18:27', '2019-06-07 18:18:27', ''),
(151, 2, 119, 43250, 0, 0, 0, '2019-06-07 18:18:32', '2019-06-07 18:18:32', ''),
(152, 1, 120, 98371, 0, 1, 0, '2019-06-07 18:18:27', '2019-06-07 18:18:27', ''),
(153, 2, 120, 98371, 0, 1, 0, '2019-06-07 18:18:32', '2019-06-07 18:18:32', ''),
(154, 2, 74, 69142, 0, 1, 0, '2019-06-07 18:18:32', '2019-06-07 18:18:32', ''),
(155, 1, 121, 46691, 0, 1, 0, '2019-06-07 18:18:27', '2019-06-07 18:18:27', ''),
(156, 2, 121, 46691, 0, 1, 0, '2019-06-07 18:18:32', '2019-06-07 18:18:32', ''),
(157, 2, 66, 40021, 0, 1, 0, '2019-06-07 18:18:32', '2019-06-07 18:18:32', ''),
(158, 1, 122, 86131, 0, 0, 0, '2019-06-07 18:18:27', '2019-06-07 18:18:27', ''),
(159, 1, 123, 95867, 0, 1, 0, '2019-06-07 18:18:27', '2019-06-07 18:18:27', ''),
(160, 1, 124, 50635, 0, 0, 0, '2019-06-07 18:18:27', '2019-06-07 18:18:27', ''),
(161, 2, 125, 77859, 0, 0, 0, '2019-06-07 18:18:32', '2019-06-07 18:18:32', ''),
(162, 2, 126, 17584, 0, 1, 0, '2019-06-07 18:18:32', '2019-06-07 18:18:32', ''),
(163, 1, 127, 61118, 0, 1, 0, '2019-06-07 18:18:27', '2019-06-07 18:18:27', ''),
(166, 1, 130, 31983, 0, 0, 0, '2019-06-07 18:18:27', '2019-06-07 18:18:27', ''),
(169, 1, 132, 14110, 0, 0, 0, '2019-06-07 18:18:27', '2019-06-07 18:18:27', ''),
(170, 1, 109, 63108, 0, 0, 0, '2019-06-07 18:18:27', '2019-06-07 18:18:27', ''),
(171, 2, 60, 42058, 0, 0, 0, '2019-06-07 18:18:32', '2019-06-07 18:18:32', ''),
(173, 2, 19, 10002, 0, 1, 0, '2019-06-07 18:18:32', '2019-06-07 18:18:32', ''),
(174, 5, 131, 75422, 0, 0, 0, '2019-06-07 18:18:40', '2019-06-07 18:18:40', ''),
(175, 2, 133, 82282, 0, 0, 0, '2019-06-07 18:18:32', '2019-06-07 18:18:32', ''),
(176, 1, 134, 12921, 0, 1, 0, '2019-06-07 18:18:27', '2019-06-07 18:18:27', ''),
(177, 1, 128, 91955, 0, 0, 0, '2019-06-07 18:18:27', '2019-06-07 18:18:27', ''),
(178, 2, 129, 77113, 0, 1, 0, '2019-06-07 18:18:32', '2019-06-07 18:18:32', ''),
(181, 1, 135, 32677, 0, 0, 0, '2019-06-07 18:18:27', '2019-06-07 18:18:27', ''),
(182, 1, 129, 77113, 0, 0, 0, '2019-06-07 18:18:27', '2019-06-07 18:18:27', ''),
(183, 1, 136, 90989, 0, 1, 0, '2019-06-07 18:18:27', '2019-06-07 18:18:27', ''),
(184, 1, 111, 77241, 0, 0, 0, '2019-06-07 18:18:27', '2019-06-07 18:18:27', ''),
(185, 2, 137, 77001, 0, 0, 0, '2019-06-07 18:18:32', '2019-06-07 18:18:32', ''),
(186, 2, 138, 67586, 0, 1, 0, '2019-06-07 18:18:32', '2019-06-07 18:18:32', ''),
(187, 1, 139, 93469, 0, 0, 0, '2019-06-07 18:18:27', '2019-06-07 18:18:27', ''),
(188, 2, 140, 50339, 0, 0, 0, '2019-06-07 18:18:32', '2019-06-07 18:18:32', ''),
(189, 1, 141, 60533, 0, 1, 0, '2019-06-07 18:18:27', '2019-06-07 18:18:27', ''),
(190, 2, 142, 21006, 0, 0, 0, '2019-06-07 18:18:32', '2019-06-07 18:18:32', ''),
(191, 1, 143, 53617, 0, 0, 0, '2019-06-07 18:18:27', '2019-06-07 18:18:27', ''),
(192, 1, 144, 26101, 0, 1, 0, '2019-06-07 18:18:27', '2019-06-07 18:18:27', ''),
(193, 2, 145, 58555, 0, 1, 0, '2019-06-07 18:18:33', '2019-06-07 18:18:33', ''),
(194, 6, 87, 61562, 0, 1, 0, '2019-06-07 18:18:36', '2019-06-07 18:18:36', ''),
(195, 2, 146, 70134, 0, 1, 0, '2019-06-07 18:18:33', '2019-06-07 18:18:33', ''),
(196, 1, 146, 70134, 0, 1, 0, '2019-06-07 18:18:27', '2019-06-07 18:18:27', ''),
(197, 1, 147, 26288, 0, 0, 0, '2019-06-07 18:18:28', '2019-06-07 18:18:28', ''),
(198, 2, 144, 26101, 0, 1, 0, '2019-06-07 18:18:33', '2019-06-07 18:18:33', ''),
(199, 2, 34, 12020, 0, 0, 0, '2019-06-07 18:18:33', '2019-06-07 18:18:33', ''),
(200, 1, 148, 66779, 0, 1, 0, '2019-06-07 18:18:28', '2019-06-07 18:18:28', ''),
(201, 1, 149, 98341, 0, 1, 0, '2019-06-07 18:18:28', '2019-06-07 18:18:28', ''),
(202, 2, 150, 11814, 0, 0, 0, '2019-06-07 18:18:33', '2019-06-07 18:18:33', ''),
(203, 1, 151, 99956, 0, 0, 0, '2019-06-07 18:18:29', '2019-06-07 18:18:29', ''),
(204, 2, 152, 94265, 0, 1, 0, '2019-06-07 18:18:34', '2019-06-07 18:18:34', ''),
(205, 2, 153, 28470, 0, 1, 0, '2019-06-07 18:18:34', '2019-06-07 18:18:34', ''),
(206, 6, 154, 68168, 0, 0, 0, '2019-06-07 18:18:36', '2019-06-07 18:18:36', ''),
(208, 2, 155, 21190, 0, 0, 0, '2019-06-07 18:18:34', '2019-06-07 18:18:34', ''),
(209, 2, 156, 27254, 0, 0, 0, '2019-06-07 18:18:34', '2019-06-07 18:18:34', ''),
(211, 2, 158, 45103, 0, 0, 0, '2019-06-07 18:18:34', '2019-06-07 18:18:34', ''),
(212, 2, 159, 22596, 0, 0, 0, '2019-06-07 18:18:34', '2019-06-07 18:18:34', ''),
(216, 1, 160, 22732, 0, 0, 0, '2019-06-07 18:18:29', '2019-06-07 18:18:29', ''),
(217, 2, 160, 22732, 0, 0, 0, '2019-06-07 18:18:34', '2019-06-07 18:18:34', ''),
(219, 2, 161, 91248, 0, 1, 0, '2019-06-07 18:18:34', '2019-06-07 18:18:34', ''),
(220, 1, 161, 91248, 0, 1, 0, '2019-06-07 18:18:29', '2019-06-07 18:18:29', ''),
(222, 2, 163, 96957, 0, 0, 0, '2019-06-07 18:18:34', '2019-06-07 18:18:34', ''),
(223, 1, 163, 96957, 0, 1, 0, '2019-06-07 18:18:29', '2019-06-07 18:18:29', ''),
(224, 1, 164, 92826, 0, 1, 0, '2019-06-07 18:18:29', '2019-06-07 18:18:29', ''),
(225, 2, 165, 33819, 0, 1, 0, '2019-06-07 18:18:34', '2019-06-07 18:18:34', ''),
(227, 2, 123, 95867, 0, 1, 0, '2019-06-07 18:18:34', '2019-06-07 18:18:34', ''),
(228, 1, 166, 80312, 0, 1, 0, '2019-06-07 18:18:29', '2019-06-07 18:18:29', ''),
(229, 1, 137, 77001, 0, 0, 0, '2019-06-07 18:18:29', '2019-06-07 18:18:29', ''),
(230, 6, 162, 49500, 0, 1, 0, '2019-06-07 18:18:36', '2019-06-07 18:18:36', ''),
(231, 6, 167, 85905, 0, 1, 0, '2019-06-07 18:18:36', '2019-06-07 18:18:36', ''),
(232, 1, 168, 76643, 0, 0, 0, '2019-06-07 18:18:30', '2019-06-07 18:18:30', ''),
(233, 2, 168, 76643, 0, 0, 0, '2019-06-07 18:18:34', '2019-06-07 18:18:34', ''),
(234, 5, 137, 77001, 0, 1, 0, '2019-06-07 18:18:40', '2019-06-07 18:18:40', ''),
(235, 6, 137, 77001, 0, 1, 0, '2019-06-07 18:18:36', '2019-06-07 18:18:36', ''),
(238, 6, 50, 30030, 0, 1, 0, '2019-06-07 18:18:36', '2019-06-07 18:18:36', ''),
(239, 5, 50, 30030, 0, 1, 0, '2019-06-07 18:18:40', '2019-06-07 18:18:40', ''),
(240, 6, 45, 30001, 0, 1, 0, '2019-06-07 18:18:36', '2019-06-07 18:18:36', ''),
(241, 5, 45, 30001, 0, 1, 0, '2019-06-07 18:18:40', '2019-06-07 18:18:40', ''),
(242, 6, 169, 74621, 0, 1, 0, '2019-06-07 18:18:36', '2019-06-07 18:18:36', ''),
(243, 1, 169, 74621, 0, 1, 0, '2019-06-07 18:18:30', '2019-06-07 18:18:30', ''),
(244, 2, 169, 74621, 0, 1, 0, '2019-06-07 18:18:34', '2019-06-07 18:18:34', ''),
(245, 5, 169, 74621, 0, 1, 0, '2019-06-07 18:18:40', '2019-06-07 18:18:40', ''),
(246, 6, 170, 33569, 0, 0, 0, '2019-06-07 18:18:36', '2019-06-07 18:18:36', ''),
(248, 2, 101, 27570, 0, 0, 0, '2019-06-07 18:18:34', '2019-06-07 18:18:34', ''),
(249, 6, 101, 27570, 0, 0, 0, '2019-06-07 18:18:36', '2019-06-07 18:18:36', ''),
(250, 6, 1, 25979, 0, 1, 0, '2019-06-07 18:18:37', '2019-06-07 18:18:37', ''),
(251, 1, 171, 11066, 0, 1, 0, '2019-06-07 18:18:30', '2019-06-07 18:18:30', ''),
(252, 2, 171, 11066, 0, 1, 0, '2019-06-07 18:18:34', '2019-06-07 18:18:34', ''),
(253, 6, 171, 11066, 0, 1, 0, '2019-06-07 18:18:37', '2019-06-07 18:18:37', ''),
(254, 5, 171, 11066, 0, 1, 0, '2019-06-07 18:18:41', '2019-06-07 18:18:41', ''),
(255, 6, 96, 86462, 0, 1, 0, '2019-06-07 18:18:37', '2019-06-07 18:18:37', ''),
(256, 1, 172, 32454, 0, 1, 0, '2019-06-07 18:18:31', '2019-06-07 18:18:31', ''),
(257, 2, 172, 32454, 0, 1, 0, '2019-06-07 18:18:34', '2019-06-07 18:18:34', ''),
(258, 6, 172, 32454, 0, 1, 0, '2019-06-07 18:18:38', '2019-06-07 18:18:38', ''),
(259, 6, 173, 18993, 0, 1, 0, '2019-06-07 18:18:38', '2019-06-07 18:18:38', ''),
(260, 6, 120, 98371, 0, 1, 0, '2019-06-07 18:18:38', '2019-06-07 18:18:38', ''),
(261, 2, 141, 60533, 0, 1, 0, '2019-06-07 18:18:34', '2019-06-07 18:18:34', ''),
(262, 2, 30, 10006, 0, 1, 0, '2019-06-07 18:18:35', '2019-06-07 18:18:35', ''),
(263, 5, 174, 22461, 0, 1, 0, '2019-06-07 18:18:41', '2019-06-07 18:18:41', ''),
(264, 5, 1, 25979, 0, 1, 0, '2019-06-07 18:18:41', '2019-06-07 18:18:41', ''),
(266, 6, 174, 22461, 0, 1, 0, '2019-06-07 18:18:38', '2019-06-07 18:18:38', ''),
(267, 5, 176, 82613, 0, 1, 0, '2019-06-07 18:18:41', '2019-06-07 18:18:41', ''),
(268, 6, 176, 82613, 0, 1, 0, '2019-06-07 18:18:38', '2019-06-07 18:18:38', ''),
(269, 6, 177, 30014, 0, 0, 0, '2019-06-07 18:18:39', '2019-06-07 18:18:39', ''),
(270, 6, 112, 82915, 0, 1, 0, '2019-06-07 18:18:39', '2019-06-07 18:18:39', ''),
(271, 5, 112, 82915, 0, 1, 0, '2019-06-07 18:18:41', '2019-06-07 18:18:41', ''),
(272, 1, 178, 84447, 0, 1, 0, '2019-06-07 18:18:31', '2019-06-07 18:18:31', ''),
(273, 2, 178, 84447, 0, 1, 0, '2019-06-07 18:18:35', '2019-06-07 18:18:35', ''),
(274, 6, 178, 84447, 0, 1, 0, '2019-06-07 18:18:39', '2019-06-07 18:18:39', ''),
(275, 5, 179, 77581, 0, 1, 0, '2019-06-07 18:18:41', '2019-06-07 18:18:41', ''),
(276, 6, 179, 77581, 0, 1, 0, '2019-06-07 18:18:39', '2019-06-07 18:18:39', ''),
(277, 1, 180, 43030, 0, 1, 0, '2019-06-07 18:18:31', '2019-06-07 18:18:31', ''),
(278, 2, 180, 43030, 0, 1, 0, '2019-06-07 18:18:35', '2019-06-07 18:18:35', ''),
(279, 6, 181, 21860, 0, 1, 0, '2019-06-07 18:18:39', '2019-06-07 18:18:39', ''),
(280, 6, 34, 12020, 0, 1, 0, '2019-06-07 18:18:40', '2019-06-07 18:18:40', ''),
(281, 6, 182, 41364, 0, 1, 0, '2019-06-07 18:18:40', '2019-06-07 18:18:40', ''),
(282, 5, 183, 39440, 0, 1, 0, '2019-06-07 18:18:41', '2019-06-07 18:18:41', ''),
(283, 6, 183, 39440, 0, 1, 0, '2019-06-07 18:18:40', '2019-06-07 18:18:40', ''),
(284, 5, 184, 92889, 0, 1, 0, '2019-06-07 18:18:41', '2019-06-07 18:18:41', ''),
(285, 6, 184, 92889, 0, 1, 0, '2019-06-07 18:18:40', '2019-06-07 18:18:40', ''),
(286, 2, 185, 37235, 0, 1, 0, '2019-06-07 18:18:35', '2019-06-07 18:18:35', ''),
(287, 2, 63, 60996, 0, 1, 0, '2019-06-07 18:18:35', '2019-06-07 18:18:35', ''),
(289, 2, 186, 61111, 0, 1, 0, '2019-06-07 18:18:35', '2019-06-07 18:18:35', ''),
(290, 5, 187, 40285, 0, 0, 0, '2019-06-07 18:18:41', '2019-06-07 18:18:41', ''),
(291, 6, 188, 33452, 0, 1, 0, '2019-06-07 18:18:40', '2019-06-07 18:18:40', ''),
(292, 5, 182, 41364, 0, 1, 0, '2019-06-07 18:18:41', '2019-06-07 18:18:41', ''),
(293, 1, 189, 40855, 0, 1, 0, '2019-06-07 18:18:31', '2019-06-07 18:18:31', ''),
(295, 2, 190, 25465, 0, 1, 0, '2019-06-07 18:18:35', '2019-06-07 18:18:35', ''),
(296, 6, 191, 71485, 0, 1, 0, '2019-06-07 18:18:40', '2019-06-07 18:18:40', ''),
(297, 6, 192, 36133, 0, 1, 0, '2019-06-07 18:18:40', '2019-06-07 18:18:40', ''),
(298, 6, 107, 65692, 0, 1, 0, '2019-06-07 18:18:40', '2019-06-07 18:18:40', ''),
(299, 6, 193, 24001, 0, 1, 0, '2019-06-07 18:18:40', '2019-06-07 18:18:40', ''),
(301, 2, 170, 33569, 0, 1, 0, '2019-06-07 18:18:35', '2019-06-07 18:18:35', ''),
(302, 6, 194, 55975, 0, 1, 0, '2019-06-07 18:18:40', '2019-06-07 18:18:40', ''),
(303, 2, 195, 65198, 0, 1, 0, '2019-06-07 18:18:36', '2019-06-07 18:18:36', ''),
(304, 2, 196, 50163, 0, 1, 0, '2019-06-07 18:18:36', '2019-06-07 18:18:36', '');

-- --------------------------------------------------------

--
-- Table structure for table `usages`
--

CREATE TABLE `usages` (
  `id` int(10) UNSIGNED NOT NULL,
  `appliance_id` int(10) UNSIGNED NOT NULL,
  `user_id` int(10) UNSIGNED NOT NULL,
  `kitchen_id` int(10) UNSIGNED NOT NULL,
  `tenant_id` int(10) UNSIGNED NOT NULL,
  `booking_id` int(11) DEFAULT NULL,
  `start` datetime NOT NULL,
  `end` datetime DEFAULT NULL,
  `running` tinyint(1) NOT NULL DEFAULT '0',
  `duration` int(11) NOT NULL,
  `created` datetime NOT NULL,
  `modified` datetime NOT NULL,
  `camera_start` text,
  `ended_by` int(10) UNSIGNED DEFAULT NULL,
  `complete` int(10) UNSIGNED NOT NULL DEFAULT '0'
) ENGINE=InnoDB DEFAULT CHARSET=latin1;

--
-- Dumping data for table `usages`
--

INSERT INTO `usages` (`id`, `appliance_id`, `user_id`, `kitchen_id`, `tenant_id`, `booking_id`, `start`, `end`, `running`, `duration`, `created`, `modified`, `camera_start`, `ended_by`, `complete`) VALUES
(1, 13, 78, 1, 75, NULL, '2019-06-07 21:27:23', NULL, 1, 0, '2019-06-07 21:27:23', '2019-06-07 21:27:23', '[]', NULL, 0),
(2, 43, 78, 1, 75, NULL, '2019-06-07 21:27:28', NULL, 1, 0, '2019-06-07 21:27:28', '2019-06-07 21:27:28', '[]', NULL, 0),
(3, 14, 78, 1, 75, NULL, '2019-06-07 21:27:31', NULL, 1, 0, '2019-06-07 21:27:31', '2019-06-07 21:27:31', '[]', NULL, 0),
(4, 10, 26, 1, 23, NULL, '2019-06-07 21:47:37', NULL, 1, 0, '2019-06-07 21:47:37', '2019-06-07 21:47:37', '[]', NULL, 0),
(5, 16, 26, 1, 23, NULL, '2019-06-07 21:47:40', NULL, 1, 0, '2019-06-07 21:47:40', '2019-06-07 21:47:40', '[]', NULL, 0),
(6, 10, 1, 1, 1, NULL, '2019-08-06 07:19:43', NULL, 1, 1, '2019-08-06 07:19:43', '2019-08-06 07:19:43', NULL, NULL, 0);

-- --------------------------------------------------------

--
-- Table structure for table `users`
--

CREATE TABLE `users` (
  `id` int(11) UNSIGNED NOT NULL,
  `default_kitchen` int(10) UNSIGNED DEFAULT NULL,
  `company_id` int(10) UNSIGNED DEFAULT NULL,
  `access` int(11) NOT NULL,
  `fname` varchar(45) NOT NULL,
  `lname` varchar(45) NOT NULL,
  `email` varchar(45) NOT NULL,
  `password` varchar(60) NOT NULL,
  `phone` varchar(20) DEFAULT NULL,
  `active` tinyint(1) NOT NULL,
  `pin` int(11) NOT NULL,
  `door_pin` int(11) DEFAULT NULL,
  `password_token` varchar(150) DEFAULT NULL,
  `lockstate_id` varchar(100) DEFAULT NULL,
  `created` datetime NOT NULL,
  `modified` datetime NOT NULL
) ENGINE=InnoDB DEFAULT CHARSET=latin1;

--
-- Dumping data for table `users`
--

INSERT INTO `users` (`id`, `default_kitchen`, `company_id`, `access`, `fname`, `lname`, `email`, `password`, `phone`, `active`, `pin`, `door_pin`, `password_token`, `lockstate_id`, `created`, `modified`) VALUES
(1, 1, 42, 20, 'Karl', 'Campbell', 'karl@commissaryconnect.com', '', '604 805 5275', 1, 0, 8, NULL, NULL, '2019-06-07 18:18:02', '2019-06-07 18:18:02'),
(6, NULL, 10, 5, 'Batch Sweet Kitchen', '', '', '', '', 0, 0, NULL, NULL, NULL, '2019-06-07 18:18:03', '2019-06-07 18:18:03'),
(7, NULL, 1, 0, 'Beta 5 Chocolates', '', '', '', '', 0, 0, NULL, NULL, NULL, '2019-06-07 18:18:03', '2019-06-07 18:18:03'),
(8, NULL, 3, 5, 'Alan', 'Boysen', 'info@cookiesofcourse.ca', '', '604 689 9792', 1, 0, NULL, NULL, NULL, '2019-06-07 18:18:03', '2019-06-07 18:18:03'),
(9, NULL, 13, 5, 'Candid Confectioner', '', '', '', '', 0, 0, NULL, NULL, NULL, '2019-06-07 18:18:03', '2019-06-07 18:18:03'),
(10, NULL, 4, 5, 'Erika', 'Brown', 'erika@fitnessfoods.ca', '', '778 552 3984', 1, 0, NULL, NULL, NULL, '2019-06-07 18:18:03', '2019-06-07 18:18:03'),
(11, NULL, 6, 0, 'Jay', 'Ocol', 'cheffliptoptruck@hotmail.com', '', '778 939 2922', 0, 0, NULL, NULL, NULL, '2019-06-07 18:18:03', '2019-06-07 18:18:03'),
(12, NULL, 12, 0, 'Leaf it to me', '', '', '', '', 0, 0, NULL, NULL, NULL, '2019-06-07 18:18:03', '2019-06-07 18:18:03'),
(13, NULL, 2, 0, 'Local Churn', '', '', '', '', 0, 0, NULL, NULL, NULL, '2019-06-07 18:18:03', '2019-06-07 18:18:03'),
(14, NULL, 7, 0, 'Los Tacos', '', '', '', '', 0, 0, NULL, NULL, NULL, '2019-06-07 18:18:03', '2019-06-07 18:18:03'),
(15, NULL, 8, 0, 'Notch Coffee', '', '', '', '', 0, 0, NULL, NULL, NULL, '2019-06-07 18:18:03', '2019-06-07 18:18:03'),
(16, NULL, 9, 5, 'Pie Hole', 'Hole', 'Jenell@thepiehole.com', '', '', 0, 0, NULL, NULL, NULL, '2019-06-07 18:18:03', '2019-06-07 18:18:03'),
(17, NULL, 11, 5, 'Sarb', 'Mund', 'sarbmund@gmail.com', '', '778 558 7272', 0, 0, NULL, NULL, NULL, '2019-06-07 18:18:03', '2019-06-07 18:18:03'),
(18, NULL, 11, 5, 'Krishna', '', '', '', '', 0, 0, NULL, NULL, NULL, '2019-06-07 18:18:03', '2019-06-07 18:18:03'),
(19, NULL, 5, 5, 'Erin', 'Ireland', 'erin@itstodiefor.ca', '', '778 839 6002', 1, 0, NULL, NULL, NULL, '2019-06-07 18:18:04', '2019-06-07 18:18:04'),
(20, NULL, 14, 5, 'Emily', 'Upham', 'whenpigsflypastries@gmail.com', '', '604 218 7473', 0, 0, NULL, NULL, NULL, '2019-06-07 18:18:04', '2019-06-07 18:18:04'),
(21, NULL, 15, 0, 'Jim', 'Bob', '', '', '6045555555', 0, 0, NULL, NULL, NULL, '2019-06-07 18:18:04', '2019-06-07 18:18:04'),
(22, NULL, 10, 5, 'Sara', 'Karby', '', '', '', 0, 0, NULL, NULL, NULL, '2019-06-07 18:18:04', '2019-06-07 18:18:04'),
(23, NULL, 11, 5, 'Krishna', 'Goud', '', '', '', 0, 0, NULL, NULL, NULL, '2019-06-07 18:18:04', '2019-06-07 18:18:04'),
(24, NULL, 16, 0, 'Marc', '', '', '', '', 0, 0, NULL, NULL, NULL, '2019-06-07 18:18:04', '2019-06-07 18:18:04'),
(25, NULL, 18, 0, 'Melissa', '', '', '', '', 0, 0, NULL, NULL, NULL, '2019-06-07 18:18:04', '2019-06-07 18:18:04'),
(26, NULL, 19, 5, 'Richard', 'Boucher', 'richard@curiousoyster.ca', '', '778 988 4699', 1, 0, NULL, NULL, NULL, '2019-06-07 18:18:04', '2019-06-07 18:18:04'),
(27, NULL, 20, 5, 'Fhernando', 'Llamas', 'eljefe@tacomio.ca', '', '778 868 7041', 0, 0, NULL, NULL, NULL, '2019-06-07 18:18:04', '2019-06-07 18:18:04'),
(28, NULL, 21, 0, 'Rebecca', '', '', '', '', 0, 0, NULL, NULL, NULL, '2019-06-07 18:18:04', '2019-06-07 18:18:04'),
(29, NULL, 22, 5, 'Ben', '', '', '', '', 0, 0, NULL, NULL, NULL, '2019-06-07 18:18:04', '2019-06-07 18:18:04'),
(30, NULL, 23, 5, 'Thibault', 'Champel', 'info@rollingcashew.ca', '', '778 239 5180', 1, 0, NULL, NULL, NULL, '2019-06-07 18:18:04', '2019-06-07 18:18:04'),
(31, NULL, 25, 5, 'Tomas', 'Grabeljsek', 'info@mealsfromabroad.com', '', '604 782 0752', 0, 0, NULL, NULL, NULL, '2019-06-07 18:18:04', '2019-06-07 18:18:04'),
(32, NULL, 26, 5, 'Joanna', 'McIntyre', 'goodmallows@gmail.com', '', '604 657 7067', 0, 0, NULL, NULL, NULL, '2019-06-07 18:18:04', '2019-06-07 18:18:04'),
(33, NULL, 27, 0, 'Behnam', 'Rafiei', 'behnam.rafiei@gmail.com', '', '', 0, 0, NULL, NULL, NULL, '2019-06-07 18:18:04', '2019-06-07 18:18:04'),
(34, NULL, 28, 5, 'Juli', 'Rogerson', 'info@georels.com', '', '778 549 1554', 1, 0, NULL, NULL, NULL, '2019-06-07 18:18:04', '2019-06-07 18:18:04'),
(35, NULL, 29, 0, 'Maria', 'Kalinina', 'mkalinina85@gmail.com', '', '778 689 6050', 0, 0, NULL, NULL, NULL, '2019-06-07 18:18:04', '2019-06-07 18:18:04'),
(36, NULL, 30, 5, 'Alfonso', 'Rocha', 'lacasitaartisanbites@gmail.com', '', '778 223 3247', 0, 0, NULL, NULL, NULL, '2019-06-07 18:18:04', '2019-06-07 18:18:04'),
(37, NULL, 50, 5, 'David', 'Khayutin', 'info@crumbvancouver.com', '', '604 441 0372', 0, 0, NULL, NULL, NULL, '2019-06-07 18:18:04', '2019-06-07 18:18:04'),
(38, NULL, 32, 0, 'Tamiae', 'Squibb', 'lakehousefoods@gmail.com', '', '604 716 0090', 0, 0, NULL, NULL, NULL, '2019-06-07 18:18:04', '2019-06-07 18:18:04'),
(39, NULL, 137, 0, 'Naomi', 'Arnaut', 'sayhello@sayhellosweets.com', '', '778 908 5986', 0, 0, NULL, NULL, NULL, '2019-06-07 18:18:04', '2019-06-07 18:18:04'),
(40, NULL, 34, 5, 'Jordan', 'McGarry', 'jordan@babymunchiez.com', '', '604 617 3811', 0, 0, NULL, NULL, NULL, '2019-06-07 18:18:04', '2019-06-07 18:18:04'),
(41, NULL, 35, 5, 'Tom', 'Dubowski', 'dubowski@gmail.com', '', '', 0, 0, NULL, NULL, NULL, '2019-06-07 18:18:04', '2019-06-07 18:18:04'),
(42, NULL, 36, 0, 'Corben', 'Winfield', 'corben@sixacres.ca', '', '', 0, 0, NULL, NULL, NULL, '2019-06-07 18:18:04', '2019-06-07 18:18:04'),
(43, NULL, 37, 0, 'Slone', 'Romano', 'esjayarish@gmail.com', '', '', 0, 0, NULL, NULL, NULL, '2019-06-07 18:18:04', '2019-06-07 18:18:04'),
(44, NULL, 38, 0, 'Rick', 'Bowman', 'rick@inthemoodfood.com', '', '', 0, 0, NULL, NULL, NULL, '2019-06-07 18:18:05', '2019-06-07 18:18:05'),
(45, NULL, 42, 20, 'Susan', 'Levang', 'susan@commissaryconnect.com', '', '604 754 3193', 1, 0, NULL, NULL, NULL, '2019-06-07 18:18:05', '2019-06-07 18:18:05'),
(46, NULL, 39, 5, 'Jenni', 'Sanghera', 'liveloveeat.js@gmail.com', '', '604 644 1333', 0, 0, NULL, NULL, NULL, '2019-06-07 18:18:05', '2019-06-07 18:18:05'),
(47, NULL, 40, 0, 'Joni', 'Lind', 'Hello@kitskitchen.ca', '', '', 0, 0, NULL, NULL, NULL, '2019-06-07 18:18:05', '2019-06-07 18:18:05'),
(48, NULL, 41, 5, 'Gonzalo', 'Almendrades', 'gonzalmen@me.com', '', '', 0, 0, NULL, NULL, NULL, '2019-06-07 18:18:05', '2019-06-07 18:18:05'),
(49, NULL, 42, 20, 'Matt', 'Stuart', 'matt@commissaryconnect.com', '', '604 802 4773', 1, 0, NULL, NULL, NULL, '2019-06-07 18:18:06', '2019-06-07 18:18:06'),
(50, NULL, 42, 20, 'Sarb', 'Mund (CC)', 'sarb@commissaryconnect.com', '', '778 558 7272', 1, 0, NULL, NULL, NULL, '2019-06-07 18:18:06', '2019-06-07 18:18:06'),
(51, NULL, 42, 0, 'do not', 'Use', 'no@yahoo.ca', '', '123456789', 0, 0, NULL, NULL, NULL, '2019-06-07 18:18:06', '2019-06-07 18:18:06'),
(52, NULL, 44, 5, 'Sophy', 'Cha', 'tonycha@live.ca', '', '604 644 4119', 1, 0, NULL, NULL, NULL, '2019-06-07 18:18:06', '2019-06-07 18:18:06'),
(53, NULL, 45, 5, 'Alex', 'Black', 'email@chocolateculture.ca', '', '604 789 4535', 0, 0, NULL, NULL, NULL, '2019-06-07 18:18:06', '2019-06-07 18:18:06'),
(54, NULL, 46, 5, 'Ellie', 'Albadvi', 'ellie@feasteria.com', '', '', 0, 0, NULL, NULL, NULL, '2019-06-07 18:18:06', '2019-06-07 18:18:06'),
(55, NULL, 47, 5, 'Matthew', 'Murtagh-Wu', 'matt@thedumplingking.ca', '', '778 227 0083', 1, 0, NULL, NULL, NULL, '2019-06-07 18:18:06', '2019-06-07 18:18:06'),
(56, NULL, 49, 5, 'Original', 'Cupcakes Team', 'sagar@originalcupcakes.com', '', '', 0, 0, NULL, NULL, NULL, '2019-06-07 18:18:06', '2019-06-07 18:18:06'),
(57, NULL, 51, 5, 'Jake', 'Mixon', 'jakemixon@shaw.ca', '', '778 886 1697', 0, 0, NULL, NULL, NULL, '2019-06-07 18:18:06', '2019-06-07 18:18:06'),
(58, NULL, 128, 5, 'Angus', 'Wong', 'angus@momoossmokehaus.com', '', '604 812 8523', 1, 0, NULL, NULL, NULL, '2019-06-07 18:18:06', '2019-06-07 18:18:06'),
(59, NULL, 53, 5, 'Louise', 'Ndungula', 'hedwignd@yahoo.com', '', '', 0, 0, NULL, NULL, NULL, '2019-06-07 18:18:06', '2019-06-07 18:18:06'),
(60, NULL, 54, 5, 'Arka', 'Lwin', 'mandalayburmesekitchen@gmail.com', '', '778 996 2752', 0, 0, NULL, NULL, NULL, '2019-06-07 18:18:07', '2019-06-07 18:18:07'),
(61, NULL, 55, 5, 'Scott', 'Kaylin', 'scott@kaylinandhobbs.com', '', '', 0, 0, NULL, NULL, NULL, '2019-06-07 18:18:07', '2019-06-07 18:18:07'),
(62, NULL, 56, 5, 'Euna', 'Kyung', 'e_kyung@hotmail.com', '', '', 0, 0, NULL, NULL, NULL, '2019-06-07 18:18:07', '2019-06-07 18:18:07'),
(63, NULL, 57, 5, 'Ian', 'Turnbull', 'papa@empanadapapa.ca', '', '778 373 9800', 1, 0, NULL, NULL, NULL, '2019-06-07 18:18:07', '2019-06-07 18:18:07'),
(64, NULL, 58, 5, 'Antonio Romero', 'Casado', 'antonioarc@hotmail.es', '', '778-998-5327', 0, 0, NULL, NULL, NULL, '2019-06-07 18:18:07', '2019-06-07 18:18:07'),
(65, NULL, 60, 5, 'Joel', 'Arsenult', 'jerkybaron@gmail.com', '', '604 723 2491', 0, 0, NULL, NULL, NULL, '2019-06-07 18:18:08', '2019-06-07 18:18:08'),
(66, NULL, 62, 5, 'Joanne', 'Sriranpong', 'wcgsnacks@gmail.com', '', '778 887 9739', 1, 0, NULL, NULL, NULL, '2019-06-07 18:18:08', '2019-06-07 18:18:08'),
(67, NULL, 63, 0, 'Jaroslav', 'Mestka', 'mestka.info@gmail.com', '', '604 367 6126', 0, 0, NULL, NULL, NULL, '2019-06-07 18:18:08', '2019-06-07 18:18:08'),
(68, NULL, 64, 5, 'Andy', 'Liu', 'info@johnnycantsurf.ca', '', '778 895 0138', 0, 0, NULL, NULL, NULL, '2019-06-07 18:18:09', '2019-06-07 18:18:09'),
(69, NULL, 65, 5, 'Amos', 'Lee', 'amoslee_89@hotmail.com', '', '778 688 0681', 0, 0, NULL, NULL, NULL, '2019-06-07 18:18:09', '2019-06-07 18:18:09'),
(70, NULL, 66, 5, 'Nihal', 'Elwan', 'tayybeh.syrian@gmail.com', '', '778 960 6755', 1, 0, NULL, NULL, NULL, '2019-06-07 18:18:09', '2019-06-07 18:18:09'),
(71, NULL, 42, 0, 'Paul', 'Chu', 'paulc4664@gmail.com', '', '', 0, 0, NULL, NULL, NULL, '2019-06-07 18:18:09', '2019-06-07 18:18:09'),
(72, NULL, 67, 5, 'Salim', 'Hassan', 'salim@thedateco.com', '', '604 488 9219', 0, 0, NULL, NULL, NULL, '2019-06-07 18:18:09', '2019-06-07 18:18:09'),
(73, NULL, 68, 5, 'Kaela', 'Woodworth', 'kaelawoodworth@gmail.com', '', '778 668 8762', 0, 0, NULL, NULL, NULL, '2019-06-07 18:18:09', '2019-06-07 18:18:09'),
(74, NULL, 69, 5, 'Ingrid', 'Severson', 'ingridseverson@telus.net', '', '604 828 0675', 1, 0, NULL, NULL, NULL, '2019-06-07 18:18:09', '2019-06-07 18:18:09'),
(75, NULL, 42, 5, 'Test', 'User', 'Tuser@yahoo.com', '', NULL, 1, 0, NULL, NULL, NULL, '2019-06-07 18:18:09', '2019-06-07 18:18:09'),
(76, NULL, 71, 0, 'Bridgette', 'Clair', 'bridgetteclair@gmail.com', '', NULL, 0, 0, NULL, NULL, NULL, '2019-06-07 18:18:09', '2019-06-07 18:18:09'),
(77, NULL, 72, 5, 'Jean Jacques', 'Kabuya', 'info@saltnsearcatering.com', '', '604 716 0153', 1, 0, NULL, NULL, NULL, '2019-06-07 18:18:09', '2019-06-07 18:18:09'),
(78, NULL, 73, 5, 'Marie', 'Tello', 'josemarietello@gmail.com', '', '604 368 8714', 1, 0, NULL, NULL, NULL, '2019-06-07 18:18:09', '2019-06-07 18:18:09'),
(79, NULL, 74, 5, 'Ingrid', 'Nagle', 'ingrid.mightymixes@outlook.com', '', '604 809 2250', 0, 0, NULL, NULL, NULL, '2019-06-07 18:18:09', '2019-06-07 18:18:09'),
(80, NULL, 75, 5, 'Janine', 'Felst', 'dippeddoughco@gmail.com', '', '604 220 1274', 0, 0, NULL, NULL, NULL, '2019-06-07 18:18:10', '2019-06-07 18:18:10'),
(81, NULL, 42, 0, 'Ronica', 'Mund', 'ronicadhir@gmail.com', '', '604 813 4227', 0, 0, NULL, NULL, NULL, '2019-06-07 18:18:10', '2019-06-07 18:18:10'),
(82, NULL, 76, 5, 'Diane', 'Mitchell', 'diane@Whistlerelixir.com', '', '604 788 7948', 0, 0, NULL, NULL, NULL, '2019-06-07 18:18:10', '2019-06-07 18:18:10'),
(83, NULL, 82, 5, 'Julian', 'Kaminsky', 'kaminskyjulian@gmail.com', '', '604 354 0747', 0, 0, NULL, NULL, NULL, '2019-06-07 18:18:10', '2019-06-07 18:18:10'),
(84, NULL, 83, 5, 'Sha', 'Lu', 'shalu1127@gmail.com', '', '778 996 6689', 0, 0, NULL, NULL, NULL, '2019-06-07 18:18:10', '2019-06-07 18:18:10'),
(85, NULL, 132, 5, 'Thais', 'Delgiglio', 'thaisdelgiglio@icloud.com', '', '778 855 2750', 0, 0, NULL, NULL, NULL, '2019-06-07 18:18:10', '2019-06-07 18:18:10'),
(86, NULL, 88, 5, 'A&W/', 'Rethink', 'laura@rethinkcanada.com', '', '604 685 8911', 1, 0, NULL, NULL, NULL, '2019-06-07 18:18:10', '2019-06-07 18:18:10'),
(87, NULL, 89, 5, 'Alexa', 'Pitoulis', 'alexap@hellogoodly.ca', '', '778 883 2599', 1, 0, NULL, NULL, NULL, '2019-06-07 18:18:10', '2019-06-07 18:18:10'),
(88, NULL, 90, 0, 'Nabila', 'Jaffer', 'chakulastreetfood@gmail.com', '', '778 990 3964', 0, 0, NULL, NULL, NULL, '2019-06-07 18:18:10', '2019-06-07 18:18:10'),
(89, NULL, 91, 0, 'Stefanie', 'Di Giovanni', 'stefanie@coastprotein.com', '', NULL, 0, 0, NULL, NULL, NULL, '2019-06-07 18:18:10', '2019-06-07 18:18:10'),
(90, NULL, 93, 5, 'Nazim', 'Hasham', 'nazim.hasham@gmail.com', '', '604 716 4248', 0, 0, NULL, NULL, NULL, '2019-06-07 18:18:10', '2019-06-07 18:18:10'),
(91, NULL, 94, 5, 'Sheng', 'Wei', 'chineecrepe@gmail.com', '', '778 865 8956', 0, 0, NULL, NULL, NULL, '2019-06-07 18:18:10', '2019-06-07 18:18:10'),
(92, NULL, 92, 5, 'Claire', 'Lassam', 'liviasweets@gmail.com', '', '778 554 8747', 0, 0, NULL, NULL, NULL, '2019-06-07 18:18:10', '2019-06-07 18:18:10'),
(93, NULL, 95, 5, 'Megan', 'Ramos', 'meninabaker@gmail.com', '', '778 871 2414', 0, 0, NULL, NULL, NULL, '2019-06-07 18:18:10', '2019-06-07 18:18:10'),
(94, NULL, 96, 5, 'Malek', 'Anounti', 'malek.anouti@gmail.com', '', '604 396 7804', 0, 0, NULL, NULL, NULL, '2019-06-07 18:18:10', '2019-06-07 18:18:10'),
(95, NULL, 97, 0, 'Tina', 'Lau', 'tina@tinalau.ca', '', NULL, 0, 0, NULL, NULL, NULL, '2019-06-07 18:18:10', '2019-06-07 18:18:10'),
(96, NULL, 98, 0, 'Steve', 'Ritchie', 'steve.ritchie@canadianlinen.com', '', '778 331 6282', 1, 0, NULL, NULL, NULL, '2019-06-07 18:18:10', '2019-06-07 18:18:10'),
(97, NULL, 42, 0, 'zz (JL', 'zz', 'donotuse@gmail.com', '', '604-1111-2231', 0, 0, NULL, NULL, NULL, '2019-06-07 18:18:10', '2019-06-07 18:18:10'),
(98, NULL, 42, 0, 'Ken', 'Tsui', 'ken@heretherestudio.com', '', NULL, 0, 0, NULL, NULL, NULL, '2019-06-07 18:18:10', '2019-06-07 18:18:10'),
(99, NULL, 4, 5, 'Kelly', 'Ferguson', 'klcferguson@hotmail.com', '', '778 552 3984', 1, 0, NULL, NULL, NULL, '2019-06-07 18:18:10', '2019-06-07 18:18:10'),
(100, NULL, 99, 5, 'Leona', 'Lian', 'liankehui201309@gmail.com', '', NULL, 0, 0, NULL, NULL, NULL, '2019-06-07 18:18:10', '2019-06-07 18:18:10'),
(101, NULL, 42, 0, 'Judi', 'Levang', 'asdf@asfef.com', '', '', 0, 0, NULL, NULL, NULL, '2019-06-07 18:18:10', '2019-06-07 18:18:10'),
(102, NULL, 100, 5, 'Ian', 'Chang', 'ian@ketomunch.com', '', '778 888 6911', 0, 0, NULL, NULL, NULL, '2019-06-07 18:18:11', '2019-06-07 18:18:11'),
(103, NULL, 101, 5, 'Renee', 'Tsang', 'vanilla.tsang@gmail.com', '', '604 551 1511', 0, 0, NULL, NULL, NULL, '2019-06-07 18:18:11', '2019-06-07 18:18:11'),
(104, NULL, 102, 0, 'Carly', 'Chasse', 'carlychasse@gmail.com', '', '(778) 828-9704', 0, 0, NULL, NULL, NULL, '2019-06-07 18:18:11', '2019-06-07 18:18:11'),
(105, NULL, 103, 5, 'James', 'Massender', 'james@magnetnaturals.com', '', '604 379 7258', 0, 0, NULL, NULL, NULL, '2019-06-07 18:18:11', '2019-06-07 18:18:11'),
(106, NULL, 104, 5, 'Matsuo', 'Higa', 'matsuo.higa@gmail.com', '', '604 700 8201', 0, 0, NULL, NULL, NULL, '2019-06-07 18:18:11', '2019-06-07 18:18:11'),
(107, NULL, 110, 5, 'Redux', 'Redux', 'noemail@noemail.com', '', NULL, 1, 0, NULL, NULL, NULL, '2019-06-07 18:18:11', '2019-06-07 18:18:11'),
(108, NULL, 111, 0, 'Vera', 'Ivanova', 'acacia_ltd@hotmail.com', '', NULL, 0, 0, NULL, NULL, NULL, '2019-06-07 18:18:11', '2019-06-07 18:18:11'),
(109, NULL, 112, 5, 'Catherine', 'I', 'frenchmadebaking@gmail.com', '', NULL, 0, 0, NULL, NULL, NULL, '2019-06-07 18:18:11', '2019-06-07 18:18:11'),
(110, NULL, 109, 5, 'Daniel', 'Wagner', 'soupartist@raincitysoups.com', '', '604 339 3348', 0, 0, NULL, NULL, NULL, '2019-06-07 18:18:11', '2019-06-07 18:18:11'),
(111, NULL, 108, 5, 'Keiko', 'Nakanishi', 'info@kanadell.com', '', '604 754 6037', 1, 0, NULL, NULL, NULL, '2019-06-07 18:18:11', '2019-06-07 18:18:11'),
(112, NULL, 42, 10, 'Jagadish', 'Muramalla', 'jaggu@commissaryconnect.com', '', NULL, 1, 0, NULL, NULL, NULL, '2019-06-07 18:18:11', '2019-06-07 18:18:11'),
(113, NULL, 134, 0, 'Sunny Day Cleaners', 'San Andreas', 'sunnydaycleaners@gmail.com', '', NULL, 0, 0, NULL, NULL, NULL, '2019-06-07 18:18:11', '2019-06-07 18:18:11'),
(114, NULL, 116, 5, 'Joshua', 'Martinovic', 'alohainfusedyvr@gmail.com', '', '604 653 5566', 0, 0, NULL, NULL, NULL, '2019-06-07 18:18:11', '2019-06-07 18:18:11'),
(115, NULL, 113, 5, 'Dupinder', 'Yablonsky', 'dupischai@gmail.com', '', '778-229-6606', 1, 0, NULL, NULL, NULL, '2019-06-07 18:18:11', '2019-06-07 18:18:11'),
(116, NULL, 115, 5, 'Paula', 'Beall', 'info@fume-eh.com', '', '778-227-3125', 0, 0, NULL, NULL, NULL, '2019-06-07 18:18:11', '2019-06-07 18:18:11'),
(117, NULL, 117, 0, 'Mira', 'Dhala', 'mira@hydrochemindustries.com', '', NULL, 0, 0, NULL, NULL, NULL, '2019-06-07 18:18:11', '2019-06-07 18:18:11'),
(118, NULL, 119, 0, 'Sara', 'Tabrizian', 'saratabrizian@gmail.com', '', NULL, 0, 0, NULL, NULL, NULL, '2019-06-07 18:18:11', '2019-06-07 18:18:11'),
(119, NULL, 118, 5, 'Jason', 'McGrath', 'honestoats@gmail.com', '', '604 617 6263', 0, 0, NULL, NULL, NULL, '2019-06-07 18:18:11', '2019-06-07 18:18:11'),
(120, NULL, 120, 0, 'Ian', 'Hannaford', 'ihannaford@planetclean.com', '', '778 908 1351', 1, 0, NULL, NULL, NULL, '2019-06-07 18:18:11', '2019-06-07 18:18:11'),
(121, NULL, 121, 0, 'Edmond', 'Excel Fire', 'fake@fake.com', '', '604 312 9838', 1, 0, NULL, NULL, NULL, '2019-06-07 18:18:11', '2019-06-07 18:18:11'),
(122, NULL, 123, 5, 'Dong', 'Shu You', 'kfoods.van@gmail.com', '', '778-237-8626', 0, 0, NULL, NULL, NULL, '2019-06-07 18:18:11', '2019-06-07 18:18:11'),
(123, NULL, 105, 5, 'Asha', 'Wheeldon', 'info@kulafoods.ca', '', '604 655 5044', 1, 0, NULL, NULL, NULL, '2019-06-07 18:18:11', '2019-06-07 18:18:11'),
(124, NULL, 123, 5, 'Dong Shu', 'Zou', 'kfood.van@gmail.com', '', '778 237 8626', 0, 0, NULL, NULL, NULL, '2019-06-07 18:18:11', '2019-06-07 18:18:11'),
(125, NULL, 127, 5, 'Theresa', 'Pham', 'chef_t66@yahoo.ca', '', '604 528 0391', 0, 0, NULL, NULL, NULL, '2019-06-07 18:18:11', '2019-06-07 18:18:11'),
(126, NULL, 122, 5, 'Josh', 'Green', 'joshuaowengreen@gmail.com', '', '604 619 4221', 1, 0, NULL, NULL, NULL, '2019-06-07 18:18:11', '2019-06-07 18:18:11'),
(127, NULL, 128, 5, 'Mostafa', 'Nassar', 'info@momoossmokehaus.com', '', '778 834 0159', 1, 0, NULL, NULL, NULL, '2019-06-07 18:18:12', '2019-06-07 18:18:12'),
(128, NULL, 133, 5, 'Jason', 'Li', 'jklsh0371@gmail.com', '', '604 783 6896', 0, 0, NULL, NULL, NULL, '2019-06-07 18:18:12', '2019-06-07 18:18:12'),
(129, NULL, 129, 5, 'Ana', 'Perez', 'metatebakeshop@gmail.com', '', '778 980 9124', 1, 0, NULL, NULL, NULL, '2019-06-07 18:18:12', '2019-06-07 18:18:12'),
(130, NULL, 42, 0, 'Behtash', 'Najafi', 'beh@commissaryconnect.com', '', NULL, 0, 0, NULL, NULL, NULL, '2019-06-07 18:18:12', '2019-06-07 18:18:12'),
(131, NULL, 130, 5, 'Reggie', 'LLaguno', 'regino.llaguno@yahoo.com', '', '604 445 4120', 0, 0, NULL, NULL, NULL, '2019-06-07 18:18:12', '2019-06-07 18:18:12'),
(132, NULL, 135, 0, 'Andrea', 'Sheffield', 'mail@andrea-sheffield.com', '', NULL, 0, 0, NULL, NULL, NULL, '2019-06-07 18:18:12', '2019-06-07 18:18:12'),
(133, NULL, 136, 5, 'Johnson', 'Nguyen', 'onichanfoods@gmail.com', '', '604 727 0066', 0, 0, NULL, NULL, NULL, '2019-06-07 18:18:13', '2019-06-07 18:18:13'),
(134, NULL, 137, 5, 'Michelle', 'Lui', 'michelleluiws@shaw.ca', '', '604 786 3651', 1, 0, NULL, NULL, NULL, '2019-06-07 18:18:13', '2019-06-07 18:18:13'),
(135, NULL, 124, 5, 'Onofre', 'Ribeiro de Oliveira', 'info@whatafood.ca', '', '604-838-3703', 0, 0, NULL, NULL, NULL, '2019-06-07 18:18:13', '2019-06-07 18:18:13'),
(136, NULL, 139, 5, 'Rei', 'Miyasaka', 'rei@kaiju.ca', '', '604-318-1917', 1, 0, NULL, NULL, NULL, '2019-06-07 18:18:13', '2019-06-07 18:18:13'),
(137, NULL, 140, 5, 'Lyndsay', 'Scott', 'hello@culture-kefir.ca', '', '604-790-5958', 1, 0, NULL, NULL, NULL, '2019-06-07 18:18:13', '2019-06-07 18:18:13'),
(138, NULL, 142, 5, 'Susan', 'Mottahedeh', 'susan@algafresh.com', '', '604 782 7392', 1, 0, NULL, NULL, NULL, '2019-06-07 18:18:13', '2019-06-07 18:18:13'),
(139, NULL, 27, 0, 'Do Not use (SL)', 'z', 'z@afe.com', '', NULL, 0, 0, NULL, NULL, NULL, '2019-06-07 18:18:13', '2019-06-07 18:18:13'),
(140, NULL, 144, 5, 'Arturo', 'Munoz', 'arturomuva@hotmail.com', '', '604-613-1048', 0, 0, NULL, NULL, NULL, '2019-06-07 18:18:13', '2019-06-07 18:18:13'),
(141, NULL, 143, 5, 'Corbin', 'Lowe', 'team@plantedmeals.ca', '', '778 386 8660', 1, 0, NULL, NULL, NULL, '2019-06-07 18:18:13', '2019-06-07 18:18:13'),
(142, NULL, 147, 5, 'Josh', 'Seeley', 'josh@kurecoffee.com', '', '604-967-3088', 0, 0, NULL, NULL, NULL, '2019-06-07 18:18:13', '2019-06-07 18:18:13'),
(143, NULL, 145, 5, 'Cameron', 'McDonald', 'elevatednut@gmail.com', '', '778-554-2266', 0, 0, NULL, NULL, NULL, '2019-06-07 18:18:13', '2019-06-07 18:18:13'),
(144, NULL, 149, 0, 'Sean', 'StayBrite', 'unknown@yahoo.ca', '', '778-997-5815', 1, 0, NULL, NULL, NULL, '2019-06-07 18:18:13', '2019-06-07 18:18:13'),
(145, NULL, 148, 5, 'Shally', 'Huai', 'shallyhuai@gmail.com', '', '778-859-5798', 1, 0, NULL, NULL, NULL, '2019-06-07 18:18:13', '2019-06-07 18:18:13'),
(146, NULL, 150, 0, 'Mitch', 'Repair Person', 'unknown@unknown.com', '', '778-288-9074', 1, 0, NULL, NULL, NULL, '2019-06-07 18:18:13', '2019-06-07 18:18:13'),
(147, NULL, 90, 0, 'nabila', 'Jaffer', 'unser@user.com', '', NULL, 0, 0, NULL, NULL, NULL, '2019-06-07 18:18:13', '2019-06-07 18:18:13'),
(148, NULL, 143, 0, 'Planted Delivery', 'People', 'noemail@email.com', '', NULL, 1, 0, NULL, NULL, NULL, '2019-06-07 18:18:13', '2019-06-07 18:18:13'),
(149, NULL, 151, 5, 'Tess', 'Bevernage', 'hanaifamilytable@gmail.com', '', '778-814-2294', 1, 0, NULL, NULL, NULL, '2019-06-07 18:18:13', '2019-06-07 18:18:13'),
(150, NULL, 152, 0, 'Deborah', 'Goepel', 'dtgoepel@icloud.com', '', NULL, 0, 0, NULL, NULL, NULL, '2019-06-07 18:18:13', '2019-06-07 18:18:13'),
(151, NULL, 153, 0, 'Sarah', 'Ares', 'saraharesfilm@gmail.com', '', '604-395-1135', 0, 0, NULL, NULL, NULL, '2019-06-07 18:18:13', '2019-06-07 18:18:13'),
(152, NULL, 159, 5, 'Emily', 'Lee', 'consciouscookieco@gmail.com', '', '604-309-5787', 1, 0, NULL, NULL, NULL, '2019-06-07 18:18:13', '2019-06-07 18:18:13'),
(153, NULL, 160, 5, 'Eva', 'Tang', 'ytholdco@gmail.com', '', '604-518-8688', 1, 0, NULL, NULL, NULL, '2019-06-07 18:18:13', '2019-06-07 18:18:13'),
(154, NULL, 163, 5, 'Rajesh Rags', 'Narine', 'rags@cartems.com', '', '778-554-0415', 0, 0, NULL, NULL, NULL, '2019-06-07 18:18:13', '2019-06-07 18:18:13'),
(155, NULL, 161, 5, 'Ranae', 'Miller', 'ranae.m@hotmail.com', '', '604-306-3889', 0, 0, NULL, NULL, NULL, '2019-06-07 18:18:14', '2019-06-07 18:18:14'),
(156, NULL, 165, 5, 'Bless', 'Zhao', 'bless126@qq.com', '', '778-682-3569', 0, 0, NULL, NULL, NULL, '2019-06-07 18:18:14', '2019-06-07 18:18:14'),
(157, NULL, 126, 0, 'do', 'not', 'used@aefe.com', '', '', 0, 0, NULL, NULL, NULL, '2019-06-07 18:18:14', '2019-06-07 18:18:14'),
(158, NULL, 162, 0, 'Rachel', 'Baitz', 'rachel@fitezza.com', '', '778-839-6174', 0, 0, NULL, NULL, NULL, '2019-06-07 18:18:14', '2019-06-07 18:18:14'),
(159, NULL, 168, 5, 'Jessica', 'Otano', 'jessicasalfajores@gmail.com', '', NULL, 0, 0, NULL, NULL, NULL, '2019-06-07 18:18:14', '2019-06-07 18:18:14'),
(160, NULL, 167, 5, 'Joshua', 'Hendin', 'joshua.hendin@gmail.com', '', '604-288-7125', 0, 0, NULL, NULL, NULL, '2019-06-07 18:18:14', '2019-06-07 18:18:14'),
(161, NULL, 169, 5, 'Josh', 'Rosenberg', 'josh@Gourmetketobites.com', '', '604 671 1481', 1, 0, NULL, NULL, NULL, '2019-06-07 18:18:14', '2019-06-07 18:18:14'),
(162, NULL, 170, 0, 'Yogi\'s', 'Drivers', 'nopenop@nope.com', '', '5551212', 1, 0, NULL, NULL, NULL, '2019-06-07 18:18:14', '2019-06-07 18:18:14'),
(163, NULL, 172, 5, 'Tristan', 'Bunkowski', 'trisbee@icloud.com', '', '604-671-3433', 1, 0, NULL, NULL, NULL, '2019-06-07 18:18:14', '2019-06-07 18:18:14'),
(164, NULL, 174, 5, 'Marissa', 'Bergeron', 'marissabergeron@gmail.com', '', '778 877 2150', 1, 0, NULL, NULL, NULL, '2019-06-07 18:18:14', '2019-06-07 18:18:14'),
(165, NULL, 173, 5, 'Diane', 'Yuan', 'orders@flourgirlbaking.com', '', '778-387-5884', 1, 0, NULL, NULL, NULL, '2019-06-07 18:18:15', '2019-06-07 18:18:15'),
(166, NULL, 185, 5, 'Bertrand', 'Yung', 'bcyung@hotmail.com', '', '778 322 5231', 1, 0, NULL, NULL, NULL, '2019-06-07 18:18:15', '2019-06-07 18:18:15'),
(167, NULL, 189, 0, 'Ministry', 'of Agriculture', 'na@na.com', '', NULL, 1, 0, NULL, NULL, NULL, '2019-06-07 18:18:15', '2019-06-07 18:18:15'),
(168, NULL, 42, 0, 'Janitor', 'CC', '123@yahoo.ca', '', NULL, 0, 0, NULL, NULL, NULL, '2019-06-07 18:18:15', '2019-06-07 18:18:15'),
(169, NULL, 42, 0, 'Les', 'Contractor', 'abc@yahoo.ca', '', '123456789', 1, 0, NULL, NULL, NULL, '2019-06-07 18:18:15', '2019-06-07 18:18:15'),
(170, NULL, 42, 0, 'Temp', 'Contractors', 'na@yahoo.ca', '', '123456789', 1, 0, NULL, NULL, NULL, '2019-06-07 18:18:15', '2019-06-07 18:18:15'),
(171, NULL, 42, 10, 'Judi', 'Levang', 'info@commissaryconnect.com', '', '604 240 1106', 1, 0, NULL, NULL, NULL, '2019-06-07 18:18:15', '2019-06-07 18:18:15'),
(172, NULL, 42, 0, 'Dominic', 'Wong', 'pleasefeedthepanda@gmail.com', '', NULL, 1, 0, NULL, NULL, NULL, '2019-06-07 18:18:15', '2019-06-07 18:18:15'),
(173, NULL, 89, 0, 'Goodly', 'Suppliers', 'na@nope.com', '', NULL, 1, 0, NULL, NULL, NULL, '2019-06-07 18:18:15', '2019-06-07 18:18:15'),
(174, NULL, 190, 5, 'Bonnie', 'Xianing Zhou', 'bonniebonnie0510@gmail.com', '', '778-929-0127', 1, 0, NULL, NULL, NULL, '2019-06-07 18:18:15', '2019-06-07 18:18:15'),
(175, NULL, 132, 5, 'xxx', 'xxx', 'x@tag.com', '', '', 0, 0, NULL, NULL, NULL, '2019-06-07 18:18:16', '2019-06-07 18:18:16'),
(176, NULL, 191, 5, 'Li', 'Xu', 'lee_xu_li@hotmail.com', '', '778-833-1610', 1, 0, NULL, NULL, NULL, '2019-06-07 18:18:16', '2019-06-07 18:18:16'),
(177, NULL, 191, 5, 'test', 'li\'s', 'afsef@afef.om', '', '1234', 0, 0, NULL, NULL, NULL, '2019-06-07 18:18:16', '2019-06-07 18:18:16'),
(178, NULL, 192, 0, 'Orkin', 'Technician', 'orkin@orkin.com', '', '555-1212', 1, 0, NULL, NULL, NULL, '2019-06-07 18:18:16', '2019-06-07 18:18:16'),
(179, NULL, 193, 5, 'Nigel', 'Lai', 'nigellai83@gmail.com', '', '778-891-0178', 1, 0, NULL, NULL, NULL, '2019-06-07 18:18:16', '2019-06-07 18:18:16'),
(180, NULL, 194, 0, 'Denny', 'Huang', 'Denny.Huang@vch.ca', '', '604-675-3832', 1, 0, NULL, NULL, NULL, '2019-06-07 18:18:16', '2019-06-07 18:18:16'),
(181, NULL, 194, 0, 'Sophie', 'Fantillo', 'sophie.fantillo@vch.ca', '', '604-675-3837', 1, 0, NULL, NULL, NULL, '2019-06-07 18:18:16', '2019-06-07 18:18:16'),
(182, NULL, 196, 5, 'Mark', 'Tan', 'mark@mksfood.ca', '', '7778-986-2969', 1, 0, NULL, NULL, NULL, '2019-06-07 18:18:16', '2019-06-07 18:18:16'),
(183, NULL, 197, 5, 'Raul', 'Borreto', 'cdc@clubversante.com', '', '778-991-4097', 1, 0, NULL, NULL, NULL, '2019-06-07 18:18:16', '2019-06-07 18:18:16'),
(184, NULL, 199, 5, 'Justin', 'Jia', 'justinjia44@hotmail.com', '', '604 339 4404', 1, 0, NULL, NULL, NULL, '2019-06-07 18:18:16', '2019-06-07 18:18:16'),
(185, NULL, 198, 5, 'Stacy', 'Stringer', 'info@dailypalette.ca', '', '604 679 8755', 1, 0, NULL, NULL, NULL, '2019-06-07 18:18:16', '2019-06-07 18:18:16'),
(186, NULL, 200, 5, 'Hourash', 'Falati', 'hfalati@imexworldwide.com', '', '604-831-1740', 1, 0, NULL, NULL, NULL, '2019-06-07 18:18:16', '2019-06-07 18:18:16'),
(187, NULL, 202, 0, 'Andrew', 'Guan', 'andrewguuan@gmail.com', '', '778-862-2093', 0, 0, NULL, NULL, NULL, '2019-06-07 18:18:17', '2019-06-07 18:18:17'),
(188, NULL, 170, 5, 'Yogesh', 'Chawla', 'chawlayogesh025@gmail.com', '', '604 961 9102', 1, 0, NULL, NULL, NULL, '2019-06-07 18:18:17', '2019-06-07 18:18:17'),
(189, NULL, 203, 5, 'Ryan (Senguk)', 'Baik', 'sengukbaik@gmail.com', '', '778-522-8397', 1, 0, NULL, NULL, NULL, '2019-06-07 18:18:17', '2019-06-07 18:18:17'),
(190, NULL, 201, 5, 'Daekong (John)', 'Jang', 'dk1736@gmail.com', '', '778-855-0576', 1, 0, NULL, NULL, NULL, '2019-06-07 18:18:17', '2019-06-07 18:18:17'),
(191, NULL, 28, 0, 'Georels', 'Drivers', 'nope@nnooo.com', '', '555-1212', 1, 0, NULL, NULL, NULL, '2019-06-07 18:18:18', '2019-06-07 18:18:18'),
(192, NULL, 204, 5, 'Jason', 'Chan', 'jason.chan@kirinrestaurant.com', '', '604-207-8833', 1, 0, NULL, NULL, NULL, '2019-06-07 18:18:18', '2019-06-07 18:18:18'),
(193, NULL, 205, 0, 'Drew', 'Munro', 'drew@drewscatering.com', '', NULL, 1, 0, NULL, NULL, NULL, '2019-06-07 18:18:18', '2019-06-07 18:18:18'),
(194, NULL, 140, 0, 'Culture Kefir', 'suppliers', 'nnnnn@nnnnn.com', '', NULL, 1, 0, NULL, NULL, NULL, '2019-06-07 18:18:18', '2019-06-07 18:18:18'),
(195, NULL, 209, 5, 'Pammella', 'Moraess', 'pammellamoraess@gmail.com', '', '778 387 5303', 1, 0, NULL, NULL, NULL, '2019-06-07 18:18:18', '2019-06-07 18:18:18'),
(196, NULL, 206, 5, 'Raven', 'Xu', 'xxuan0000@gmail.com', '', '604 347 9059', 1, 0, NULL, NULL, NULL, '2019-06-07 18:18:18', '2019-06-07 18:18:18');

--
-- Indexes for dumped tables
--

--
-- Indexes for table `appliances`
--
ALTER TABLE `appliances`
  ADD PRIMARY KEY (`id`),
  ADD KEY `fk_kitchens_idx` (`kitchen_id`),
  ADD KEY `fk_device_id` (`device_id`);

--
-- Indexes for table `appliances_tenants`
--
ALTER TABLE `appliances_tenants`
  ADD PRIMARY KEY (`id`),
  ADD KEY `fk_appliances_idx` (`appliance_id`),
  ADD KEY `fk_users_idx` (`user_id`),
  ADD KEY `fk_appliance_tenants_tenant_id` (`tenant_id`);

--
-- Indexes for table `companies`
--
ALTER TABLE `companies`
  ADD PRIMARY KEY (`id`),
  ADD UNIQUE KEY `IX_companies_name` (`name`);

--
-- Indexes for table `devices`
--
ALTER TABLE `devices`
  ADD PRIMARY KEY (`id`),
  ADD KEY `fk_devices_kitchen_idx` (`kitchen_id`);

--
-- Indexes for table `kitchens`
--
ALTER TABLE `kitchens`
  ADD PRIMARY KEY (`id`);

--
-- Indexes for table `schedules`
--
ALTER TABLE `schedules`
  ADD PRIMARY KEY (`id`),
  ADD KEY `fk_schedules_company` (`company_id`);

--
-- Indexes for table `tenants`
--
ALTER TABLE `tenants`
  ADD PRIMARY KEY (`id`),
  ADD UNIQUE KEY `IX_tenants_user_kitchen` (`user_id`,`kitchen_id`),
  ADD KEY `fk_kitchens2_idx` (`kitchen_id`),
  ADD KEY `fk_users2_idx` (`user_id`);

--
-- Indexes for table `usages`
--
ALTER TABLE `usages`
  ADD PRIMARY KEY (`id`),
  ADD KEY `fk_usages_tenants_idx` (`tenant_id`);

--
-- Indexes for table `users`
--
ALTER TABLE `users`
  ADD PRIMARY KEY (`id`),
  ADD KEY `fk_kitchens_idx` (`default_kitchen`);

--
-- AUTO_INCREMENT for dumped tables
--

--
-- AUTO_INCREMENT for table `appliances`
--
ALTER TABLE `appliances`
  MODIFY `id` int(10) UNSIGNED NOT NULL AUTO_INCREMENT, AUTO_INCREMENT=75;
--
-- AUTO_INCREMENT for table `appliances_tenants`
--
ALTER TABLE `appliances_tenants`
  MODIFY `id` int(10) UNSIGNED NOT NULL AUTO_INCREMENT, AUTO_INCREMENT=3771;
--
-- AUTO_INCREMENT for table `companies`
--
ALTER TABLE `companies`
  MODIFY `id` int(10) UNSIGNED NOT NULL AUTO_INCREMENT, AUTO_INCREMENT=210;
--
-- AUTO_INCREMENT for table `devices`
--
ALTER TABLE `devices`
  MODIFY `id` int(10) UNSIGNED NOT NULL AUTO_INCREMENT, AUTO_INCREMENT=7;
--
-- AUTO_INCREMENT for table `kitchens`
--
ALTER TABLE `kitchens`
  MODIFY `id` int(10) UNSIGNED NOT NULL AUTO_INCREMENT, AUTO_INCREMENT=7;
--
-- AUTO_INCREMENT for table `schedules`
--
ALTER TABLE `schedules`
  MODIFY `id` int(10) UNSIGNED NOT NULL AUTO_INCREMENT, AUTO_INCREMENT=37190;
--
-- AUTO_INCREMENT for table `tenants`
--
ALTER TABLE `tenants`
  MODIFY `id` int(10) UNSIGNED NOT NULL AUTO_INCREMENT, AUTO_INCREMENT=305;
--
-- AUTO_INCREMENT for table `usages`
--
ALTER TABLE `usages`
  MODIFY `id` int(10) UNSIGNED NOT NULL AUTO_INCREMENT, AUTO_INCREMENT=10;
--
-- AUTO_INCREMENT for table `users`
--
ALTER TABLE `users`
  MODIFY `id` int(11) UNSIGNED NOT NULL AUTO_INCREMENT, AUTO_INCREMENT=197;
--
-- Constraints for dumped tables
--

--
-- Constraints for table `appliances`
--
ALTER TABLE `appliances`
  ADD CONSTRAINT `fk_device_id` FOREIGN KEY (`device_id`) REFERENCES `devices` (`id`),
  ADD CONSTRAINT `fk_kitchens` FOREIGN KEY (`kitchen_id`) REFERENCES `kitchens` (`id`) ON DELETE NO ACTION ON UPDATE NO ACTION;

--
-- Constraints for table `appliances_tenants`
--
ALTER TABLE `appliances_tenants`
  ADD CONSTRAINT `appliance_tenants_tenant` FOREIGN KEY (`tenant_id`) REFERENCES `tenants` (`id`) ON DELETE CASCADE,
  ADD CONSTRAINT `fk_appliances` FOREIGN KEY (`appliance_id`) REFERENCES `appliances` (`id`) ON DELETE NO ACTION ON UPDATE NO ACTION,
  ADD CONSTRAINT `fk_users` FOREIGN KEY (`user_id`) REFERENCES `users` (`id`) ON DELETE NO ACTION ON UPDATE NO ACTION;

--
-- Constraints for table `devices`
--
ALTER TABLE `devices`
  ADD CONSTRAINT `fk_devices_kitchen` FOREIGN KEY (`kitchen_id`) REFERENCES `kitchens` (`id`) ON DELETE NO ACTION ON UPDATE NO ACTION;

--
-- Constraints for table `schedules`
--
ALTER TABLE `schedules`
  ADD CONSTRAINT `fk_schedules_company` FOREIGN KEY (`company_id`) REFERENCES `companies` (`id`);

--
-- Constraints for table `tenants`
--
ALTER TABLE `tenants`
  ADD CONSTRAINT `fk_kitchens2` FOREIGN KEY (`kitchen_id`) REFERENCES `kitchens` (`id`) ON DELETE NO ACTION ON UPDATE NO ACTION,
  ADD CONSTRAINT `fk_users2` FOREIGN KEY (`user_id`) REFERENCES `users` (`id`) ON DELETE NO ACTION ON UPDATE NO ACTION;

--
-- Constraints for table `usages`
--
ALTER TABLE `usages`
  ADD CONSTRAINT `fk_usages_tenants` FOREIGN KEY (`tenant_id`) REFERENCES `tenants` (`id`) ON DELETE CASCADE;

--
-- Constraints for table `users`
--
ALTER TABLE `users`
  ADD CONSTRAINT `fk_kitchens3` FOREIGN KEY (`default_kitchen`) REFERENCES `kitchens` (`id`) ON DELETE NO ACTION ON UPDATE NO ACTION;

/*!40101 SET CHARACTER_SET_CLIENT=@OLD_CHARACTER_SET_CLIENT */;
/*!40101 SET CHARACTER_SET_RESULTS=@OLD_CHARACTER_SET_RESULTS */;
/*!40101 SET COLLATION_CONNECTION=@OLD_COLLATION_CONNECTION */;
